Customer ID,Invoice,InvoiceDate,Quantity,Price
30018,800407,2026-02-16 00:00:00,2,15.43
30032,800764,2026-07-18 00:00:00,7,16.06
30012,800258,2026-04-15 00:00:00,6,7.32
30008,800179,2026-05-22 00:00:00,1,16.83
30113,801419,2026-01-06 00:00:00,1,3.85
30012,800274,2026-07-17 00:00:00,7,16.46
30029,800676,2026-04-15 00:00:00,7,15.25
30092,801344,2025-10-15 00:00:00,2,10.38
30001,800001,2026-03-14 00:00:00,5,11.36
30004,800084,2026-07-20 00:00:00,4,11.35
30036,800859,2026-07-14 00:00:00,1,13.42
30100,801382,2025-08-24 00:00:00,3,10.63
30001,800015,2026-06-22 00:00:00,4,14.7
30083,801300,2026-06-03 00:00:00,4,8.24
30095,801361,2026-03-31 00:00:00,4,7.52
30088,801325,2026-02-09 00:00:00,1,8.51
30098,801373,2025-10-01 00:00:00,3,3.53
30034,800810,2026-06-08 00:00:00,8,16.32
30037,800865,2026-05-31 00:00:00,3,13.25
30019,800434,2025-12-19 00:00:00,2,9.73
30037,800863,2026-03-23 00:00:00,1,13.16
30046,800968,2026-02-07 00:00:00,4,3.93
30027,800654,2026-07-28 00:00:00,2,10.36
30030,800720,2026-07-18 00:00:00,4,14.64
30089,801331,2026-02-23 00:00:00,2,8.96
30020,800486,2026-07-17 00:00:00,3,12.21
30049,801005,2026-06-06 00:00:00,4,7.16
30024,800575,2026-03-03 00:00:00,4,9.49
30034,800812,2026-06-19 00:00:00,7,17.97
30024,800589,2026-07-14 00:00:00,2,15.42
30035,800834,2026-06-03 00:00:00,2,3.98
30019,800448,2026-04-03 00:00:00,1,12.17
30020,800458,2025-09-30 00:00:00,2,15.83
30083,801300,2026-06-03 00:00:00,3,6.48
30126,801440,2026-03-16 00:00:00,3,2.41
30028,800665,2026-05-20 00:00:00,5,5.19
30026,800623,2026-03-20 00:00:00,3,12.99
30010,800223,2026-07-03 00:00:00,1,6.8
30034,800795,2026-03-12 00:00:00,8,13.93
30011,800242,2026-06-20 00:00:00,1,13.21
30016,800359,2026-04-24 00:00:00,5,6.56
30041,800906,2025-12-28 00:00:00,6,14.36
30065,801185,2026-07-01 00:00:00,4,11.95
30070,801231,2026-01-14 00:00:00,5,9.63
30097,801372,2026-04-08 00:00:00,1,6.76
30041,800906,2025-12-28 00:00:00,1,3.83
30003,800045,2026-02-06 00:00:00,7,5.37
30121,801432,2025-12-24 00:00:00,3,7.81
30046,800966,2025-11-25 00:00:00,3,11.85
30025,800592,2025-11-04 00:00:00,6,17.63
30036,800852,2026-03-07 00:00:00,3,7.8
30007,800147,2026-06-09 00:00:00,7,6.91
30038,800878,2026-03-18 00:00:00,2,8.78
30016,800362,2026-06-03 00:00:00,8,6.51
30001,800005,2026-03-31 00:00:00,1,11.31
30064,801162,2026-04-22 00:00:00,5,5.81
30011,800238,2026-05-18 00:00:00,4,6.25
30026,800618,2026-02-07 00:00:00,4,9.8
30024,800574,2026-02-18 00:00:00,6,14.04
30080,801282,2025-11-07 00:00:00,3,3.7
30096,801365,2026-03-23 00:00:00,2,6.35
30007,800150,2026-07-01 00:00:00,5,5.3
30085,801311,2026-03-22 00:00:00,2,3.62
30014,800329,2026-07-23 00:00:00,2,14.84
30080,801285,2026-02-19 00:00:00,3,10.64
30013,800275,2026-03-21 00:00:00,4,11.45
30014,800317,2026-03-04 00:00:00,4,8.64
30093,801350,2025-08-01 00:00:00,4,9.43
30005,800086,2026-05-09 00:00:00,3,13.13
30033,800777,2026-05-08 00:00:00,2,3.4
30120,801431,2026-03-07 00:00:00,1,8.18
30056,801075,2026-04-04 00:00:00,1,13.34
30019,800432,2025-12-13 00:00:00,2,17.2
30012,800271,2026-07-03 00:00:00,1,16.73
30014,800325,2026-05-07 00:00:00,2,5.26
30047,800979,2026-04-23 00:00:00,6,3.39
30079,801281,2026-05-01 00:00:00,4,5.92
30083,801296,2026-04-24 00:00:00,1,2.33
30053,801043,2025-10-27 00:00:00,4,6.17
30058,801099,2026-04-04 00:00:00,5,5.27
30044,800953,2026-06-20 00:00:00,6,5.95
30100,801386,2026-02-13 00:00:00,4,9.6
30022,800534,2026-07-22 00:00:00,6,13.27
30024,800591,2026-07-18 00:00:00,2,17.26
30003,800038,2025-10-10 00:00:00,7,16.56
30080,801288,2026-04-13 00:00:00,2,5.29
30020,800484,2026-06-06 00:00:00,5,13.43
30044,800951,2026-04-19 00:00:00,6,9.52
30041,800910,2026-02-22 00:00:00,6,3.48
30026,800627,2026-05-03 00:00:00,7,16.29
30002,800029,2026-06-12 00:00:00,7,17.8
30010,800207,2026-03-10 00:00:00,7,5.46
30017,800383,2026-03-21 00:00:00,7,4.86
30012,800273,2026-07-10 00:00:00,3,4.0
30006,800124,2026-02-05 00:00:00,6,5.63
30001,800011,2026-06-10 00:00:00,5,6.23
30021,800490,2026-03-30 00:00:00,2,12.22
30069,801225,2026-06-15 00:00:00,5,4.54
30076,801266,2026-05-01 00:00:00,2,9.55
30064,801164,2026-05-11 00:00:00,4,12.63
30064,801169,2026-06-30 00:00:00,5,14.51
30032,800739,2026-03-08 00:00:00,7,5.13
30023,800550,2026-03-05 00:00:00,1,12.91
30043,800935,2026-03-02 00:00:00,6,13.28
30031,800733,2026-05-20 00:00:00,3,3.53
30015,800331,2026-06-22 00:00:00,2,7.3
30024,800581,2026-04-09 00:00:00,7,5.59
30005,800094,2026-05-27 00:00:00,5,14.67
30021,800502,2026-07-27 00:00:00,4,4.78
30005,800091,2026-05-15 00:00:00,1,7.55
30102,801394,2026-05-10 00:00:00,1,2.48
30070,801237,2026-05-28 00:00:00,6,8.22
30059,801112,2026-04-14 00:00:00,2,8.75
30030,800703,2025-10-30 00:00:00,8,10.99
30011,800242,2026-06-20 00:00:00,3,4.75
30029,800686,2026-05-22 00:00:00,7,16.72
30007,800148,2026-06-14 00:00:00,2,3.21
30083,801302,2026-06-10 00:00:00,2,7.41
30011,800248,2026-07-25 00:00:00,4,4.37
30052,801034,2026-02-15 00:00:00,5,10.91
30024,800579,2026-03-29 00:00:00,8,6.17
30004,800069,2026-06-07 00:00:00,8,16.47
30026,800624,2026-04-06 00:00:00,8,5.41
30020,800474,2026-02-11 00:00:00,6,3.37
30067,801199,2026-06-12 00:00:00,6,5.54
30016,800354,2026-03-30 00:00:00,3,15.09
30065,801174,2025-11-24 00:00:00,4,11.41
30023,800566,2026-06-19 00:00:00,8,10.4
30027,800640,2026-02-20 00:00:00,8,9.49
30027,800646,2026-04-01 00:00:00,2,13.99
30088,801324,2025-09-29 00:00:00,2,7.3
30025,800601,2026-04-25 00:00:00,5,14.25
30007,800145,2026-05-16 00:00:00,2,6.03
30035,800840,2026-06-19 00:00:00,1,12.52
30015,800338,2026-07-03 00:00:00,5,14.16
30021,800503,2026-07-28 00:00:00,4,10.8
30062,801135,2026-05-21 00:00:00,6,9.07
30066,801192,2026-07-05 00:00:00,3,10.51
30082,801293,2026-04-03 00:00:00,2,2.02
30042,800928,2026-05-12 00:00:00,2,12.12
30004,800059,2026-05-20 00:00:00,6,4.7
30024,800585,2026-05-14 00:00:00,6,10.02
30040,800900,2026-05-27 00:00:00,2,14.34
30033,800775,2026-04-29 00:00:00,5,6.46
30019,800433,2025-12-16 00:00:00,4,9.45
30092,801349,2026-04-30 00:00:00,3,10.69
30081,801290,2026-02-27 00:00:00,4,10.59
30017,800386,2026-04-07 00:00:00,1,3.83
30089,801328,2025-11-27 00:00:00,2,4.67
30066,801189,2026-06-15 00:00:00,3,12.35
30069,801219,2026-04-02 00:00:00,1,13.16
30034,800815,2026-06-24 00:00:00,3,12.7
30063,801152,2026-06-06 00:00:00,1,3.04
30066,801197,2026-07-23 00:00:00,2,8.5
30031,800727,2025-11-29 00:00:00,1,16.03
30066,801189,2026-06-15 00:00:00,5,11.8
30118,801427,2025-09-14 00:00:00,2,6.67
30045,800963,2026-04-21 00:00:00,3,3.28
30004,800070,2026-06-07 00:00:00,5,14.6
30012,800258,2026-04-15 00:00:00,4,6.79
30003,800043,2026-01-16 00:00:00,5,4.74
30063,801153,2026-06-14 00:00:00,1,4.22
30024,800578,2026-03-28 00:00:00,8,17.85
30004,800060,2026-05-21 00:00:00,7,13.99
30023,800562,2026-05-21 00:00:00,4,12.77
30018,800429,2026-07-12 00:00:00,6,4.97
30050,801015,2026-02-19 00:00:00,3,3.38
30072,801247,2026-04-15 00:00:00,2,4.84
30013,800297,2026-06-30 00:00:00,1,10.04
30064,801162,2026-04-22 00:00:00,2,4.13
30034,800802,2026-04-19 00:00:00,1,9.32
30028,800670,2026-07-18 00:00:00,5,15.12
30105,801407,2026-01-21 00:00:00,2,5.01
30037,800863,2026-03-23 00:00:00,6,8.23
30101,801391,2026-05-05 00:00:00,2,9.26
30044,800944,2026-01-10 00:00:00,6,3.8
30040,800899,2026-03-17 00:00:00,3,7.05
30070,801232,2026-01-20 00:00:00,1,13.03
30061,801129,2025-11-30 00:00:00,2,9.68
30001,800009,2026-05-24 00:00:00,5,11.29
30100,801385,2026-02-04 00:00:00,1,6.7
30019,800451,2026-05-16 00:00:00,3,11.25
30038,800883,2026-06-12 00:00:00,4,14.74
30015,800340,2026-07-06 00:00:00,7,17.41
30018,800428,2026-07-05 00:00:00,3,3.88
30005,800115,2026-07-18 00:00:00,3,17.09
30098,801375,2025-11-10 00:00:00,2,5.87
30036,800856,2026-05-18 00:00:00,2,9.99
30022,800525,2026-06-23 00:00:00,4,13.94
30051,801022,2026-02-08 00:00:00,3,7.36
30125,801437,2026-02-17 00:00:00,3,7.58
30021,800493,2026-04-21 00:00:00,3,12.26
30122,801433,2025-10-03 00:00:00,1,9.63
30015,800339,2026-07-03 00:00:00,1,3.3
30018,800416,2026-03-19 00:00:00,1,17.57
30006,800131,2026-05-06 00:00:00,1,16.12
30013,800288,2026-05-17 00:00:00,2,5.77
30033,800770,2026-04-16 00:00:00,8,17.6
30010,800215,2026-05-07 00:00:00,6,7.43
30014,800322,2026-04-20 00:00:00,5,12.68
30009,800201,2026-07-20 00:00:00,5,14.63
30112,801418,2026-03-03 00:00:00,1,9.5
30010,800223,2026-07-03 00:00:00,7,4.76
30034,800802,2026-04-19 00:00:00,8,11.2
30020,800460,2025-10-15 00:00:00,2,12.74
30012,800259,2026-04-15 00:00:00,7,17.05
30032,800746,2026-04-05 00:00:00,5,17.04
30021,800488,2026-03-19 00:00:00,1,13.69
30033,800781,2026-05-23 00:00:00,5,4.88
30034,800817,2026-07-01 00:00:00,4,7.03
30084,801304,2025-10-04 00:00:00,2,2.68
30038,800874,2026-01-23 00:00:00,6,12.64
30026,800619,2026-02-14 00:00:00,5,16.4
30012,800251,2026-03-05 00:00:00,3,13.85
30027,800651,2026-07-01 00:00:00,6,14.08
30022,800519,2026-06-07 00:00:00,6,11.09
30027,800643,2026-03-15 00:00:00,4,14.72
30022,800534,2026-07-22 00:00:00,6,3.08
30097,801368,2025-10-02 00:00:00,3,9.8
30013,800280,2026-04-14 00:00:00,2,17.44
30093,801354,2026-04-19 00:00:00,4,4.91
30015,800337,2026-07-02 00:00:00,5,5.7
30016,800372,2026-07-15 00:00:00,1,13.76
30086,801314,2026-04-07 00:00:00,3,9.06
30094,801356,2026-05-09 00:00:00,2,3.37
30058,801097,2026-02-23 00:00:00,1,5.69
30026,800613,2026-01-04 00:00:00,4,13.83
30069,801222,2026-04-19 00:00:00,1,4.35
30017,800374,2025-12-24 00:00:00,6,4.65
30049,801009,2026-07-22 00:00:00,6,11.04
30013,800275,2026-03-21 00:00:00,3,14.39
30033,800783,2026-06-02 00:00:00,7,3.93
30122,801433,2025-10-03 00:00:00,1,6.91
30020,800465,2025-11-25 00:00:00,5,8.25
30003,800048,2026-03-06 00:00:00,5,15.04
30027,800645,2026-03-31 00:00:00,7,6.47
30058,801102,2026-05-18 00:00:00,3,4.65
30049,801005,2026-06-06 00:00:00,5,7.38
30011,800229,2026-03-26 00:00:00,6,13.62
30033,800790,2026-06-19 00:00:00,4,5.02
30019,800436,2025-12-25 00:00:00,8,5.35
30040,800903,2026-07-19 00:00:00,1,8.26
30020,800482,2026-05-12 00:00:00,4,10.52
30102,801396,2026-05-19 00:00:00,1,5.29
30002,800036,2026-07-04 00:00:00,5,5.87
30027,800654,2026-07-28 00:00:00,8,4.29
30005,800117,2026-07-24 00:00:00,3,4.02
30054,801061,2026-07-21 00:00:00,4,10.72
30029,800681,2026-05-09 00:00:00,7,14.5
30001,800002,2026-03-16 00:00:00,2,16.92
30044,800950,2026-04-13 00:00:00,6,9.53
30033,800787,2026-06-09 00:00:00,2,5.91
30045,800958,2026-02-24 00:00:00,1,7.77
30010,800205,2026-02-28 00:00:00,3,14.67
30005,800104,2026-06-21 00:00:00,8,7.28
30005,800102,2026-06-12 00:00:00,3,5.19
30030,800717,2026-06-08 00:00:00,3,3.04
30010,800220,2026-06-15 00:00:00,4,17.72
30022,800520,2026-06-07 00:00:00,2,3.38
30029,800672,2026-03-23 00:00:00,6,7.68
30025,800607,2026-07-14 00:00:00,8,10.89
30046,800966,2025-11-25 00:00:00,1,9.17
30014,800327,2026-07-01 00:00:00,8,4.4
30037,800864,2026-04-29 00:00:00,3,6.77
30055,801064,2026-03-04 00:00:00,1,11.49
30025,800603,2026-06-24 00:00:00,8,15.5
30063,801149,2026-04-08 00:00:00,2,8.09
30014,800310,2026-01-10 00:00:00,7,3.69
30015,800346,2026-07-22 00:00:00,3,5.06
30021,800502,2026-07-27 00:00:00,2,7.25
30032,800762,2026-07-13 00:00:00,6,12.56
30029,800671,2026-03-12 00:00:00,8,7.68
30062,801141,2026-07-20 00:00:00,6,5.01
30068,801214,2026-04-19 00:00:00,1,8.03
30025,800593,2025-12-01 00:00:00,4,8.72
30026,800633,2026-06-26 00:00:00,7,9.05
30028,800661,2026-01-29 00:00:00,1,12.85
30083,801301,2026-06-09 00:00:00,4,5.11
30004,800078,2026-06-29 00:00:00,2,16.35
30004,800082,2026-07-13 00:00:00,1,8.83
30002,800025,2026-06-05 00:00:00,6,5.56
30063,801147,2026-04-03 00:00:00,1,6.14
30072,801245,2026-03-27 00:00:00,4,4.22
30011,800227,2026-03-03 00:00:00,2,17.15
30020,800481,2026-04-15 00:00:00,8,16.86
30026,800636,2026-07-19 00:00:00,6,12.36
30003,800051,2026-04-24 00:00:00,7,17.34
30048,800996,2026-06-11 00:00:00,2,9.02
30019,800433,2025-12-16 00:00:00,2,8.63
30051,801027,2026-04-02 00:00:00,3,5.03
30079,801279,2025-12-27 00:00:00,1,4.55
30012,800268,2026-06-01 00:00:00,5,17.25
30015,800340,2026-07-06 00:00:00,4,10.42
30032,800755,2026-06-05 00:00:00,3,13.28
30096,801364,2026-02-15 00:00:00,1,5.1
30016,800371,2026-07-10 00:00:00,4,14.81
30077,801273,2026-04-30 00:00:00,1,6.66
30050,801011,2025-09-24 00:00:00,1,8.96
30038,800884,2026-06-24 00:00:00,3,10.87
30029,800685,2026-05-19 00:00:00,8,10.7
30025,800605,2026-06-30 00:00:00,5,8.67
30020,800485,2026-06-14 00:00:00,7,11.43
30071,801243,2026-04-23 00:00:00,1,9.54
30033,800781,2026-05-23 00:00:00,6,12.67
30078,801276,2025-12-09 00:00:00,4,9.59
30091,801343,2026-05-23 00:00:00,3,10.84
30022,800508,2026-04-07 00:00:00,7,17.55
30016,800359,2026-04-24 00:00:00,2,16.3
30010,800213,2026-04-23 00:00:00,5,4.52
30067,801202,2026-06-27 00:00:00,6,9.27
30046,800969,2026-04-21 00:00:00,3,6.51
30034,800813,2026-06-21 00:00:00,5,13.41
30056,801078,2026-04-22 00:00:00,5,4.51
30058,801106,2026-07-09 00:00:00,3,3.77
30033,800791,2026-07-04 00:00:00,1,14.02
30033,800775,2026-04-29 00:00:00,8,10.74
30017,800388,2026-04-09 00:00:00,5,15.65
30005,800090,2026-05-13 00:00:00,8,17.35
30027,800644,2026-03-22 00:00:00,1,12.41
30099,801380,2026-03-18 00:00:00,3,2.46
30011,800245,2026-07-09 00:00:00,6,6.95
30043,800934,2025-11-30 00:00:00,4,13.33
30060,801122,2026-05-12 00:00:00,6,5.6
30008,800182,2026-07-02 00:00:00,6,10.27
30019,800435,2025-12-23 00:00:00,1,14.42
30029,800698,2026-07-16 00:00:00,6,6.0
30018,800408,2026-02-21 00:00:00,3,16.35
30089,801333,2026-05-18 00:00:00,1,7.49
30023,800540,2025-12-13 00:00:00,5,17.43
30041,800907,2025-12-29 00:00:00,2,3.34
30066,801195,2026-07-14 00:00:00,5,4.24
30032,800761,2026-06-29 00:00:00,3,13.32
30010,800223,2026-07-03 00:00:00,1,9.22
30038,800870,2025-11-21 00:00:00,6,12.62
30027,800641,2026-02-28 00:00:00,5,10.82
30005,800100,2026-06-10 00:00:00,5,4.12
30010,800217,2026-06-01 00:00:00,8,10.99
30078,801277,2025-12-21 00:00:00,4,5.37
30019,800457,2026-07-28 00:00:00,5,17.29
30017,800379,2026-02-15 00:00:00,6,8.99
30005,800108,2026-06-28 00:00:00,8,3.22
30030,800718,2026-06-16 00:00:00,7,10.11
30048,800990,2026-03-10 00:00:00,4,9.23
30039,800891,2026-03-27 00:00:00,3,3.61
30060,801123,2026-05-20 00:00:00,3,12.92
30061,801127,2025-10-06 00:00:00,5,6.19
30015,800330,2026-06-20 00:00:00,6,11.63
30132,801448,2025-10-07 00:00:00,1,7.51
30004,800066,2026-05-29 00:00:00,4,11.08
30089,801331,2026-02-23 00:00:00,2,5.1
30034,800811,2026-06-11 00:00:00,5,16.94
30026,800633,2026-06-26 00:00:00,2,12.54
30029,800692,2026-06-18 00:00:00,6,10.41
30018,800419,2026-04-25 00:00:00,3,6.12
30027,800650,2026-06-01 00:00:00,3,7.79
30057,801091,2026-06-15 00:00:00,6,7.12
30038,800880,2026-06-01 00:00:00,3,11.29
30023,800538,2025-11-23 00:00:00,1,4.05
30073,801248,2025-12-28 00:00:00,2,5.66
30005,800095,2026-05-28 00:00:00,3,11.45
30009,800200,2026-07-16 00:00:00,2,17.89
30026,800620,2026-02-17 00:00:00,6,16.87
30008,800174,2026-04-14 00:00:00,1,5.72
30005,800093,2026-05-20 00:00:00,7,10.76
30029,800689,2026-05-30 00:00:00,6,16.71
30052,801033,2026-01-23 00:00:00,4,11.58
30023,800547,2026-01-22 00:00:00,4,14.58
30004,800072,2026-06-13 00:00:00,2,10.8
30010,800209,2026-03-13 00:00:00,1,7.52
30034,800801,2026-04-15 00:00:00,6,12.24
30027,800642,2026-03-12 00:00:00,7,7.43
30016,800367,2026-06-14 00:00:00,5,15.55
30056,801084,2026-06-26 00:00:00,2,9.37
30091,801342,2026-04-11 00:00:00,4,3.48
30047,800976,2025-12-26 00:00:00,1,9.42
30087,801320,2026-03-20 00:00:00,2,11.0
30047,800980,2026-05-12 00:00:00,2,9.52
30010,800216,2026-05-19 00:00:00,1,10.63
30060,801116,2026-03-03 00:00:00,4,9.98
30013,800277,2026-03-27 00:00:00,6,12.9
30036,800853,2026-04-12 00:00:00,4,14.59
30056,801081,2026-05-26 00:00:00,5,5.52
30063,801156,2026-07-11 00:00:00,5,6.49
30003,800045,2026-02-06 00:00:00,2,3.96
30017,800397,2026-06-20 00:00:00,5,15.53
30008,800180,2026-06-11 00:00:00,5,12.13
30058,801106,2026-07-09 00:00:00,6,3.92
30056,801084,2026-06-26 00:00:00,6,9.87
30032,800753,2026-05-05 00:00:00,7,13.89
30052,801035,2026-02-26 00:00:00,4,3.97
30023,800537,2025-11-20 00:00:00,2,14.76
30095,801361,2026-03-31 00:00:00,1,9.57
30085,801308,2025-11-25 00:00:00,4,10.13
30063,801155,2026-06-30 00:00:00,6,10.28
30128,801443,2025-12-04 00:00:00,2,6.65
30014,800312,2026-01-19 00:00:00,4,8.2
30100,801387,2026-05-16 00:00:00,2,11.64
30011,800238,2026-05-18 00:00:00,8,13.23
30052,801037,2026-04-24 00:00:00,3,12.48
30038,800878,2026-03-18 00:00:00,5,8.32
30018,800419,2026-04-25 00:00:00,4,15.39
30125,801438,2026-04-03 00:00:00,3,3.98
30039,800892,2026-06-03 00:00:00,5,13.03
30013,800289,2026-05-20 00:00:00,4,3.82
30006,800122,2025-12-29 00:00:00,8,12.23
30031,800734,2026-05-25 00:00:00,5,9.55
30097,801372,2026-04-08 00:00:00,2,10.5
30105,801410,2026-05-17 00:00:00,4,9.65
30053,801053,2026-06-24 00:00:00,5,12.73
30055,801063,2026-02-28 00:00:00,3,9.72
30056,801082,2026-05-27 00:00:00,1,13.47
30121,801432,2025-12-24 00:00:00,2,4.81
30022,800515,2026-05-09 00:00:00,4,11.93
30012,800269,2026-06-19 00:00:00,2,13.64
30023,800566,2026-06-19 00:00:00,1,9.95
30064,801166,2026-05-21 00:00:00,1,6.87
30024,800569,2025-12-29 00:00:00,7,10.21
30035,800836,2026-06-07 00:00:00,6,14.04
30035,800824,2026-04-22 00:00:00,4,14.8
30020,800472,2026-01-09 00:00:00,5,10.54
30060,801117,2026-03-04 00:00:00,3,4.25
30052,801035,2026-02-26 00:00:00,3,14.05
30008,800178,2026-05-07 00:00:00,6,13.52
30038,800871,2025-12-22 00:00:00,5,10.77
30063,801154,2026-06-15 00:00:00,2,12.52
30089,801332,2026-04-27 00:00:00,3,11.89
30135,801453,2025-11-12 00:00:00,1,6.63
30005,800099,2026-06-08 00:00:00,3,9.68
30034,800818,2026-07-19 00:00:00,6,3.09
30035,800836,2026-06-07 00:00:00,4,15.43
30014,800328,2026-07-17 00:00:00,8,6.05
30026,800635,2026-07-07 00:00:00,7,10.8
30090,801339,2026-02-05 00:00:00,2,2.69
30040,800896,2026-02-25 00:00:00,6,7.31
30085,801310,2026-02-18 00:00:00,2,7.46
30011,800244,2026-06-29 00:00:00,7,12.98
30012,800253,2026-03-20 00:00:00,7,9.63
30053,801052,2026-05-30 00:00:00,3,4.91
30017,800389,2026-04-28 00:00:00,2,3.28
30097,801370,2025-12-22 00:00:00,3,10.4
30007,800150,2026-07-01 00:00:00,8,6.42
30024,800570,2026-01-30 00:00:00,2,11.64
30014,800306,2025-12-28 00:00:00,4,17.74
30033,800782,2026-05-25 00:00:00,5,10.81
30023,800544,2025-12-23 00:00:00,7,11.71
30008,800154,2025-10-15 00:00:00,2,16.24
30033,800780,2026-05-20 00:00:00,2,3.61
30035,800829,2026-05-10 00:00:00,4,3.31
30032,800759,2026-06-20 00:00:00,4,3.57
30066,801191,2026-06-25 00:00:00,5,10.04
30021,800502,2026-07-27 00:00:00,6,10.74
30003,800050,2026-03-18 00:00:00,7,11.32
30039,800895,2026-06-28 00:00:00,6,5.38
30034,800816,2026-06-26 00:00:00,5,16.95
30091,801343,2026-05-23 00:00:00,2,4.83
30005,800116,2026-07-20 00:00:00,1,7.37
30005,800092,2026-05-19 00:00:00,8,8.6
30044,800945,2026-02-14 00:00:00,4,4.34
30053,801044,2025-11-21 00:00:00,5,6.85
30001,800001,2026-03-14 00:00:00,6,8.23
30065,801182,2026-05-19 00:00:00,1,7.92
30104,801406,2026-05-18 00:00:00,3,7.64
30101,801391,2026-05-05 00:00:00,4,5.79
30008,800168,2026-03-05 00:00:00,3,12.03
30033,800773,2026-04-19 00:00:00,1,13.95
30020,800467,2025-11-29 00:00:00,7,3.42
30095,801360,2026-03-26 00:00:00,3,2.68
30015,800345,2026-07-17 00:00:00,7,17.84
30021,800503,2026-07-28 00:00:00,5,9.55
30053,801052,2026-05-30 00:00:00,1,5.24
30049,801004,2026-05-29 00:00:00,1,11.72
30055,801069,2026-04-15 00:00:00,1,7.07
30004,800061,2026-05-21 00:00:00,1,5.56
30004,800074,2026-06-16 00:00:00,1,6.27
30022,800513,2026-04-18 00:00:00,6,13.36
30022,800534,2026-07-22 00:00:00,5,7.32
30027,800647,2026-04-02 00:00:00,3,4.03
30030,800707,2025-12-28 00:00:00,3,5.34
30045,800956,2026-02-01 00:00:00,5,5.58
30109,801414,2025-11-16 00:00:00,1,8.67
30015,800337,2026-07-02 00:00:00,3,5.31
30005,800100,2026-06-10 00:00:00,5,10.07
30004,800081,2026-07-01 00:00:00,3,12.32
30068,801211,2026-02-15 00:00:00,4,5.67
30003,800049,2026-03-10 00:00:00,4,7.34
30006,800133,2026-06-08 00:00:00,3,15.46
30126,801439,2026-01-07 00:00:00,2,2.15
30015,800344,2026-07-16 00:00:00,7,10.83
30046,800971,2026-06-09 00:00:00,2,13.29
30051,801030,2026-07-04 00:00:00,4,6.08
30066,801195,2026-07-14 00:00:00,6,10.2
30056,801075,2026-04-04 00:00:00,2,9.06
30023,800543,2025-12-23 00:00:00,5,16.29
30026,800626,2026-04-24 00:00:00,7,3.64
30064,801169,2026-06-30 00:00:00,2,5.03
30029,800686,2026-05-22 00:00:00,1,14.27
30016,800373,2026-07-17 00:00:00,8,5.74
30014,800308,2026-01-05 00:00:00,3,5.6
30040,800903,2026-07-19 00:00:00,6,10.53
30064,801165,2026-05-15 00:00:00,2,8.86
30027,800655,2026-07-30 00:00:00,1,17.08
30003,800040,2025-10-27 00:00:00,2,14.8
30050,801021,2026-06-26 00:00:00,4,7.4
30029,800692,2026-06-18 00:00:00,5,5.23
30136,801454,2025-11-23 00:00:00,3,8.37
30095,801363,2026-05-07 00:00:00,4,9.98
30031,800733,2026-05-20 00:00:00,3,5.8
30022,800505,2026-03-29 00:00:00,8,16.37
30062,801135,2026-05-21 00:00:00,4,9.15
30005,800092,2026-05-19 00:00:00,3,7.97
30034,800799,2026-04-09 00:00:00,3,12.7
30020,800469,2025-12-25 00:00:00,4,15.47
30008,800161,2025-12-01 00:00:00,7,3.29
30034,800798,2026-03-27 00:00:00,7,5.47
30066,801198,2026-07-24 00:00:00,6,12.52
30064,801172,2026-07-15 00:00:00,3,11.68
30078,801275,2025-12-03 00:00:00,3,7.13
30034,800814,2026-06-22 00:00:00,1,11.69
30048,800983,2025-12-25 00:00:00,1,4.42
30032,800764,2026-07-18 00:00:00,1,14.56
30012,800252,2026-03-05 00:00:00,6,15.01
30063,801144,2026-02-18 00:00:00,1,5.07
30035,800830,2026-05-12 00:00:00,8,12.6
30032,800752,2026-05-04 00:00:00,4,4.55
30026,800634,2026-06-30 00:00:00,5,4.13
30085,801309,2026-01-03 00:00:00,3,4.46
30014,800303,2025-12-07 00:00:00,1,11.36
30008,800176,2026-04-24 00:00:00,4,10.86
30012,800269,2026-06-19 00:00:00,5,5.45
30011,800248,2026-07-25 00:00:00,2,4.43
30019,800455,2026-07-05 00:00:00,3,3.31
30060,801118,2026-04-07 00:00:00,5,13.26
30021,800492,2026-04-15 00:00:00,7,8.99
30069,801219,2026-04-02 00:00:00,6,7.76
30046,800974,2026-06-25 00:00:00,1,5.95
30104,801402,2026-01-17 00:00:00,4,2.28
30042,800932,2026-06-12 00:00:00,3,3.88
30014,800317,2026-03-04 00:00:00,4,8.77
30003,800058,2026-07-27 00:00:00,1,12.23
30016,800350,2026-03-06 00:00:00,8,3.78
30012,800249,2026-03-01 00:00:00,4,3.46
30128,801443,2025-12-04 00:00:00,1,5.08
30023,800541,2025-12-19 00:00:00,1,17.2
30053,801049,2026-03-21 00:00:00,4,9.97
30030,800719,2026-07-16 00:00:00,6,11.79
30127,801441,2025-12-17 00:00:00,1,5.12
30075,801263,2026-05-28 00:00:00,3,3.19
30017,800376,2026-01-18 00:00:00,8,8.66
30005,800102,2026-06-12 00:00:00,8,4.74
30102,801394,2026-05-10 00:00:00,3,3.05
30030,800716,2026-06-01 00:00:00,7,4.89
30008,800159,2025-11-06 00:00:00,7,9.74
30104,801404,2026-03-13 00:00:00,3,7.75
30009,800188,2026-06-18 00:00:00,1,15.04
30006,800122,2025-12-29 00:00:00,5,11.02
30039,800894,2026-06-14 00:00:00,6,7.07
30015,800334,2026-06-25 00:00:00,2,3.37
30020,800469,2025-12-25 00:00:00,1,17.31
30029,800697,2026-07-15 00:00:00,1,5.11
30033,800793,2026-07-20 00:00:00,6,8.07
30116,801424,2025-10-15 00:00:00,3,9.2
30032,800740,2026-03-19 00:00:00,1,16.44
30001,800005,2026-03-31 00:00:00,3,8.7
30070,801228,2025-12-22 00:00:00,6,4.84
30034,800816,2026-06-26 00:00:00,5,13.19
30104,801402,2026-01-17 00:00:00,1,9.76
30064,801168,2026-06-02 00:00:00,2,6.63
30010,800220,2026-06-15 00:00:00,3,8.83
30018,800408,2026-02-21 00:00:00,1,8.95
30032,800757,2026-06-13 00:00:00,1,13.03
30052,801038,2026-05-10 00:00:00,5,6.13
30013,800295,2026-06-20 00:00:00,7,4.33
30045,800963,2026-04-21 00:00:00,5,10.77
30004,800082,2026-07-13 00:00:00,6,13.72
30004,800067,2026-05-31 00:00:00,7,10.14
30062,801136,2026-06-18 00:00:00,4,10.62
30035,800838,2026-06-10 00:00:00,1,7.69
30073,801251,2026-06-08 00:00:00,1,6.58
30001,800013,2026-06-14 00:00:00,3,6.08
30030,800721,2026-07-27 00:00:00,6,14.48
30077,801270,2025-11-02 00:00:00,1,2.19
30021,800500,2026-07-21 00:00:00,7,11.15
30050,801016,2026-03-11 00:00:00,5,9.16
30045,800965,2026-06-24 00:00:00,2,5.84
30087,801317,2026-02-07 00:00:00,1,5.57
30002,800032,2026-06-28 00:00:00,7,10.0
30001,800010,2026-05-24 00:00:00,1,3.02
30063,801146,2026-03-17 00:00:00,5,5.99
30007,800142,2026-04-08 00:00:00,4,13.1
30039,800889,2026-01-08 00:00:00,5,11.75
30010,800221,2026-06-16 00:00:00,6,4.56
30017,800391,2026-05-02 00:00:00,5,7.91
30069,801226,2026-06-29 00:00:00,3,7.37
30022,800510,2026-04-09 00:00:00,8,6.53
30005,800097,2026-06-03 00:00:00,4,8.72
30033,800794,2026-07-27 00:00:00,1,6.79
30019,800437,2025-12-26 00:00:00,4,17.81
30033,800774,2026-04-20 00:00:00,8,10.57
30083,801298,2026-05-27 00:00:00,1,3.56
30005,800111,2026-07-03 00:00:00,2,3.23
30022,800526,2026-06-26 00:00:00,2,17.9
30094,801359,2026-06-11 00:00:00,4,8.81
30080,801287,2026-04-03 00:00:00,1,10.67
30139,801459,2026-01-28 00:00:00,1,3.23
30081,801291,2026-04-01 00:00:00,3,3.74
30011,800233,2026-04-12 00:00:00,8,9.43
30027,800653,2026-07-20 00:00:00,3,8.85
30057,801092,2026-06-19 00:00:00,4,12.64
30055,801073,2026-06-23 00:00:00,6,11.27
30048,800988,2026-01-20 00:00:00,3,4.54
30008,800157,2025-10-28 00:00:00,6,12.16
30006,800122,2025-12-29 00:00:00,5,14.24
30008,800177,2026-05-05 00:00:00,7,13.74
30063,801156,2026-07-11 00:00:00,1,7.2
30008,800159,2025-11-06 00:00:00,4,9.13
30013,800289,2026-05-20 00:00:00,5,8.5
30006,800123,2026-01-21 00:00:00,8,13.21
30073,801248,2025-12-28 00:00:00,1,5.42
30033,800778,2026-05-09 00:00:00,4,7.4
30042,800927,2026-05-07 00:00:00,4,6.72
30005,800101,2026-06-11 00:00:00,7,16.96
30005,800096,2026-05-29 00:00:00,6,9.98
30029,800682,2026-05-11 00:00:00,3,9.19
30133,801450,2025-08-31 00:00:00,3,3.54
30089,801330,2026-02-22 00:00:00,3,8.4
30057,801090,2026-05-22 00:00:00,4,8.4
30009,800194,2026-06-30 00:00:00,4,15.24
30027,800651,2026-07-01 00:00:00,2,10.58
30023,800559,2026-05-09 00:00:00,6,6.1
30083,801300,2026-06-03 00:00:00,1,10.83
30047,800978,2026-04-20 00:00:00,2,3.0
30133,801451,2025-12-25 00:00:00,1,3.55
30022,800510,2026-04-09 00:00:00,8,4.2
30012,800259,2026-04-15 00:00:00,5,3.17
30014,800313,2026-01-24 00:00:00,6,4.48
30010,800216,2026-05-19 00:00:00,8,16.72
30059,801110,2026-03-09 00:00:00,1,9.8
30104,801401,2025-12-26 00:00:00,1,9.66
30018,800405,2026-02-02 00:00:00,8,3.39
30023,800554,2026-03-22 00:00:00,4,16.83
30025,800597,2026-03-17 00:00:00,8,12.38
30059,801115,2026-06-22 00:00:00,2,5.17
30014,800305,2025-12-24 00:00:00,7,6.64
30065,801178,2026-04-27 00:00:00,2,4.07
30136,801454,2025-11-23 00:00:00,3,8.79
30011,800244,2026-06-29 00:00:00,5,15.31
30035,800822,2026-04-19 00:00:00,4,10.56
30024,800575,2026-03-03 00:00:00,2,13.33
30074,801255,2026-03-10 00:00:00,3,10.72
30070,801228,2025-12-22 00:00:00,1,8.79
30013,800285,2026-05-03 00:00:00,7,9.91
30032,800752,2026-05-04 00:00:00,4,5.99
30014,800318,2026-03-14 00:00:00,3,13.85
30068,801213,2026-04-15 00:00:00,5,3.38
30101,801388,2026-04-18 00:00:00,4,9.16
30011,800236,2026-05-11 00:00:00,3,12.86
30066,801191,2026-06-25 00:00:00,2,9.34
30113,801419,2026-01-06 00:00:00,2,8.03
30009,800202,2026-07-25 00:00:00,5,17.63
30029,800684,2026-05-19 00:00:00,5,7.2
30084,801304,2025-10-04 00:00:00,2,9.7
30090,801337,2025-10-02 00:00:00,1,8.92
30062,801142,2026-07-26 00:00:00,3,3.31
30038,800883,2026-06-12 00:00:00,3,3.51
30033,800776,2026-04-30 00:00:00,4,12.64
30093,801351,2025-08-23 00:00:00,1,9.62
30011,800240,2026-06-06 00:00:00,3,6.03
30118,801427,2025-09-14 00:00:00,3,5.98
30034,800806,2026-05-21 00:00:00,1,16.72
30023,800558,2026-05-02 00:00:00,8,12.25
30107,801412,2026-01-23 00:00:00,3,7.9
30029,800700,2026-07-23 00:00:00,5,15.64
30101,801390,2026-04-27 00:00:00,2,11.54
30085,801313,2026-04-25 00:00:00,2,11.3
30007,800138,2026-01-19 00:00:00,2,9.97
30042,800929,2026-05-14 00:00:00,5,5.95
30020,800463,2025-11-01 00:00:00,8,13.35
30059,801108,2026-02-11 00:00:00,5,7.24
30024,800585,2026-05-14 00:00:00,7,9.96
30017,800395,2026-05-31 00:00:00,3,8.73
30090,801337,2025-10-02 00:00:00,2,7.05
30062,801139,2026-07-10 00:00:00,5,14.27
30062,801139,2026-07-10 00:00:00,3,7.81
30024,800570,2026-01-30 00:00:00,1,9.13
30033,800782,2026-05-25 00:00:00,6,16.75
30007,800151,2026-07-05 00:00:00,5,4.69
30026,800630,2026-05-17 00:00:00,3,14.02
30098,801374,2025-11-08 00:00:00,2,3.94
30070,801234,2026-03-03 00:00:00,1,3.96
30127,801442,2026-03-11 00:00:00,1,7.81
30026,800635,2026-07-07 00:00:00,5,5.24
30054,801058,2026-05-31 00:00:00,5,13.77
30007,800148,2026-06-14 00:00:00,1,3.39
30097,801367,2025-08-16 00:00:00,2,5.58
30029,800682,2026-05-11 00:00:00,7,5.82
30095,801361,2026-03-31 00:00:00,3,3.19
30015,800347,2026-07-23 00:00:00,6,15.35
30032,800755,2026-06-05 00:00:00,7,6.88
30050,801013,2025-12-17 00:00:00,1,12.72
30028,800664,2026-03-29 00:00:00,7,12.46
30084,801307,2026-04-06 00:00:00,2,2.9
30013,800285,2026-05-03 00:00:00,8,14.19
30008,800166,2026-02-07 00:00:00,7,5.78
30026,800624,2026-04-06 00:00:00,8,5.42
30093,801352,2025-11-23 00:00:00,3,11.38
30012,800270,2026-06-21 00:00:00,5,5.14
30024,800575,2026-03-03 00:00:00,3,15.25
30012,800251,2026-03-05 00:00:00,4,8.08
30031,800726,2025-11-29 00:00:00,5,9.81
30024,800578,2026-03-28 00:00:00,1,11.23
30044,800954,2026-07-03 00:00:00,3,9.73
30081,801291,2026-04-01 00:00:00,2,11.75
30022,800505,2026-03-29 00:00:00,3,8.77
30028,800656,2025-11-06 00:00:00,7,13.37
30021,800503,2026-07-28 00:00:00,4,14.02
30011,800228,2026-03-21 00:00:00,3,11.22
30014,800319,2026-03-23 00:00:00,7,14.41
30087,801319,2026-03-19 00:00:00,4,3.56
30003,800046,2026-02-10 00:00:00,7,7.59
30033,800773,2026-04-19 00:00:00,6,8.98
30070,801237,2026-05-28 00:00:00,5,9.75
30044,800954,2026-07-03 00:00:00,2,4.97
30023,800553,2026-03-15 00:00:00,3,5.58
30048,800997,2026-06-11 00:00:00,5,12.83
30019,800441,2026-01-25 00:00:00,1,4.87
30033,800776,2026-04-30 00:00:00,5,15.92
30058,801098,2026-03-19 00:00:00,3,10.75
30094,801358,2026-05-19 00:00:00,3,8.87
30061,801127,2025-10-06 00:00:00,3,5.13
30017,800399,2026-07-19 00:00:00,2,11.27
30034,800805,2026-05-21 00:00:00,5,16.04
30052,801039,2026-05-17 00:00:00,3,4.24
30022,800533,2026-07-22 00:00:00,8,13.4
30003,800039,2025-10-12 00:00:00,3,8.92
30014,800306,2025-12-28 00:00:00,3,6.85
30063,801156,2026-07-11 00:00:00,3,8.5
30019,800449,2026-04-20 00:00:00,7,3.57
30016,800373,2026-07-17 00:00:00,7,4.08
30050,801018,2026-06-01 00:00:00,3,5.16
30073,801248,2025-12-28 00:00:00,3,8.52
30070,801230,2026-01-14 00:00:00,3,9.49
30017,800396,2026-06-20 00:00:00,5,3.59
30022,800507,2026-04-04 00:00:00,2,13.24
30011,800241,2026-06-08 00:00:00,6,12.89
30045,800964,2026-06-04 00:00:00,6,9.31
30084,801307,2026-04-06 00:00:00,4,2.68
30030,800719,2026-07-16 00:00:00,3,9.5
30022,800510,2026-04-09 00:00:00,8,16.44
30030,800721,2026-07-27 00:00:00,5,11.1
30059,801113,2026-05-02 00:00:00,2,3.38
30058,801105,2026-06-24 00:00:00,3,7.67
30045,800962,2026-04-11 00:00:00,2,6.36
30039,800895,2026-06-28 00:00:00,3,7.27
30045,800963,2026-04-21 00:00:00,6,12.64
30060,801120,2026-04-30 00:00:00,3,9.0
30044,800946,2026-02-20 00:00:00,5,7.32
30097,801367,2025-08-16 00:00:00,2,7.9
30109,801414,2025-11-16 00:00:00,3,7.73
30054,801056,2026-05-13 00:00:00,1,3.15
30017,800397,2026-06-20 00:00:00,7,17.12
30047,800976,2025-12-26 00:00:00,4,7.75
30013,800283,2026-04-24 00:00:00,7,7.09
30067,801204,2026-07-11 00:00:00,1,7.53
30006,800121,2025-12-22 00:00:00,5,13.61
30023,800557,2026-04-07 00:00:00,8,3.34
30037,800867,2026-06-23 00:00:00,1,14.43
30081,801292,2026-04-09 00:00:00,1,6.95
30048,800996,2026-06-11 00:00:00,3,14.51
30014,800313,2026-01-24 00:00:00,4,8.61
30029,800694,2026-07-06 00:00:00,5,14.1
30011,800235,2026-05-08 00:00:00,4,8.25
30034,800813,2026-06-21 00:00:00,2,14.39
30028,800661,2026-01-29 00:00:00,2,11.35
30005,800118,2026-07-25 00:00:00,5,3.27
30077,801270,2025-11-02 00:00:00,4,5.03
30022,800533,2026-07-22 00:00:00,8,14.88
30016,800361,2026-05-30 00:00:00,5,7.46
30029,800684,2026-05-19 00:00:00,8,8.64
30012,800265,2026-05-16 00:00:00,3,17.84
30003,800053,2026-05-08 00:00:00,6,13.22
30049,801006,2026-06-24 00:00:00,6,5.23
30064,801164,2026-05-11 00:00:00,2,5.34
30017,800382,2026-03-14 00:00:00,8,11.62
30030,800704,2025-11-17 00:00:00,3,4.3
30091,801343,2026-05-23 00:00:00,4,6.74
30019,800456,2026-07-05 00:00:00,7,17.56
30015,800339,2026-07-03 00:00:00,5,4.79
30001,800018,2026-07-27 00:00:00,3,15.66
30007,800148,2026-06-14 00:00:00,8,14.28
30065,801176,2026-01-20 00:00:00,3,3.35
30029,800673,2026-04-04 00:00:00,6,14.85
30022,800527,2026-06-27 00:00:00,2,5.52
30104,801400,2025-10-26 00:00:00,4,5.44
30055,801073,2026-06-23 00:00:00,4,11.62
30066,801195,2026-07-14 00:00:00,1,3.14
30011,800228,2026-03-21 00:00:00,2,13.71
30051,801026,2026-03-24 00:00:00,6,9.22
30064,801161,2026-04-14 00:00:00,3,10.37
30005,800100,2026-06-10 00:00:00,5,15.61
30055,801069,2026-04-15 00:00:00,4,13.28
30041,800913,2026-04-22 00:00:00,1,14.82
30002,800022,2026-05-20 00:00:00,4,15.49
30102,801393,2026-04-22 00:00:00,4,7.79
30008,800182,2026-07-02 00:00:00,8,5.26
30075,801258,2025-11-06 00:00:00,1,2.11
30020,800486,2026-07-17 00:00:00,4,8.6
30043,800941,2026-06-22 00:00:00,2,12.64
30063,801154,2026-06-15 00:00:00,4,4.14
30064,801167,2026-05-31 00:00:00,4,7.09
30017,800375,2025-12-25 00:00:00,7,4.02
30008,800157,2025-10-28 00:00:00,7,9.63
30020,800467,2025-11-29 00:00:00,2,17.92
30001,800007,2026-05-06 00:00:00,8,5.59
30063,801150,2026-04-10 00:00:00,4,14.41
30063,801148,2026-04-06 00:00:00,4,6.0
30018,800404,2026-01-19 00:00:00,3,9.15
30016,800361,2026-05-30 00:00:00,5,13.44
30140,801461,2025-11-15 00:00:00,3,2.43
30031,800726,2025-11-29 00:00:00,2,17.48
30002,800026,2026-06-05 00:00:00,1,15.79
30104,801400,2025-10-26 00:00:00,4,7.88
30017,800385,2026-04-06 00:00:00,8,8.59
30012,800267,2026-05-22 00:00:00,8,15.75
30089,801331,2026-02-23 00:00:00,3,4.9
30022,800531,2026-07-20 00:00:00,8,7.26
30003,800040,2025-10-27 00:00:00,7,13.1
30064,801167,2026-05-31 00:00:00,6,13.71
30018,800420,2026-04-26 00:00:00,5,9.82
30035,800824,2026-04-22 00:00:00,5,11.94
30021,800495,2026-05-06 00:00:00,1,6.73
30004,800072,2026-06-13 00:00:00,4,4.91
30038,800879,2026-05-26 00:00:00,4,7.55
30138,801457,2025-11-20 00:00:00,1,5.29
30049,801007,2026-07-14 00:00:00,2,13.09
30015,800349,2026-07-25 00:00:00,6,16.48
30052,801036,2026-02-28 00:00:00,3,7.24
30013,800293,2026-06-02 00:00:00,6,11.71
30058,801100,2026-04-20 00:00:00,6,7.28
30013,800277,2026-03-27 00:00:00,2,8.66
30033,800781,2026-05-23 00:00:00,2,5.91
30018,800407,2026-02-16 00:00:00,2,5.1
30041,800904,2025-12-28 00:00:00,6,7.74
30127,801442,2026-03-11 00:00:00,2,3.92
30062,801136,2026-06-18 00:00:00,6,14.77
30057,801087,2026-04-25 00:00:00,3,10.91
30003,800041,2025-10-29 00:00:00,1,5.38
30045,800960,2026-04-05 00:00:00,2,9.06
30025,800602,2026-04-28 00:00:00,7,16.97
30006,800137,2026-08-01 00:00:00,3,11.51
30065,801184,2026-06-25 00:00:00,3,7.74
30001,800001,2026-03-14 00:00:00,3,14.67
30002,800036,2026-07-04 00:00:00,8,15.73
30050,801017,2026-05-10 00:00:00,5,7.33
30007,800139,2026-01-25 00:00:00,7,11.69
30024,800590,2026-07-15 00:00:00,4,9.29
30001,800010,2026-05-24 00:00:00,1,10.55
30056,801083,2026-06-16 00:00:00,5,3.87
30092,801348,2026-04-04 00:00:00,4,9.46
30014,800326,2026-05-13 00:00:00,3,11.76
30032,800758,2026-06-16 00:00:00,4,12.41
30013,800285,2026-05-03 00:00:00,7,8.06
30072,801246,2026-04-02 00:00:00,3,4.34
30029,800695,2026-07-08 00:00:00,6,14.49
30053,801053,2026-06-24 00:00:00,5,3.6
30026,800618,2026-02-07 00:00:00,1,17.68
30001,800005,2026-03-31 00:00:00,4,11.14
30013,800293,2026-06-02 00:00:00,5,9.3
30059,801114,2026-05-10 00:00:00,5,12.46
30056,801077,2026-04-22 00:00:00,4,8.33
30082,801294,2026-04-25 00:00:00,3,4.5
30005,800105,2026-06-22 00:00:00,6,15.86
30037,800861,2026-03-11 00:00:00,5,12.52
30050,801015,2026-02-19 00:00:00,5,5.67
30063,801154,2026-06-15 00:00:00,2,5.59
30017,800387,2026-04-08 00:00:00,1,7.5
30079,801281,2026-05-01 00:00:00,2,6.91
30084,801304,2025-10-04 00:00:00,1,7.07
30018,800406,2026-02-08 00:00:00,8,14.74
30003,800048,2026-03-06 00:00:00,8,8.01
30010,800207,2026-03-10 00:00:00,8,5.65
30028,800668,2026-07-07 00:00:00,2,15.97
30073,801251,2026-06-08 00:00:00,2,6.83
30013,800284,2026-04-26 00:00:00,5,8.42
30089,801329,2026-01-03 00:00:00,1,6.22
30061,801132,2026-01-24 00:00:00,5,9.26
30003,800046,2026-02-10 00:00:00,6,8.02
30056,801085,2026-07-19 00:00:00,6,6.33
30064,801168,2026-06-02 00:00:00,5,8.3
30089,801332,2026-04-27 00:00:00,4,2.54
30003,800050,2026-03-18 00:00:00,8,9.28
30043,800940,2026-06-19 00:00:00,3,11.8
30030,800717,2026-06-08 00:00:00,6,13.51
30018,800413,2026-02-26 00:00:00,1,12.17
30022,800517,2026-05-13 00:00:00,7,16.57
30020,800485,2026-06-14 00:00:00,1,15.66
30048,800992,2026-03-28 00:00:00,5,6.4
30036,800858,2026-06-21 00:00:00,6,11.64
30089,801329,2026-01-03 00:00:00,4,8.2
30132,801449,2026-02-18 00:00:00,3,6.51
30017,800398,2026-07-07 00:00:00,5,5.96
30040,800901,2026-05-28 00:00:00,6,7.22
30026,800620,2026-02-17 00:00:00,4,5.62
30001,800009,2026-05-24 00:00:00,8,4.83
30023,800563,2026-05-27 00:00:00,6,4.72
30051,801026,2026-03-24 00:00:00,3,9.79
30027,800648,2026-05-05 00:00:00,2,10.74
30068,801215,2026-06-16 00:00:00,2,6.5
30055,801062,2026-02-24 00:00:00,1,14.88
30117,801426,2025-12-30 00:00:00,2,7.91
30055,801072,2026-06-16 00:00:00,4,8.03
30015,800343,2026-07-11 00:00:00,3,4.43
30028,800658,2025-11-10 00:00:00,2,16.54
30099,801381,2026-06-12 00:00:00,1,4.84
30092,801347,2026-01-17 00:00:00,4,9.27
30015,800340,2026-07-06 00:00:00,8,15.58
30012,800260,2026-04-19 00:00:00,1,5.69
30023,800565,2026-06-10 00:00:00,8,11.86
30003,800039,2025-10-12 00:00:00,5,9.78
30049,801000,2026-04-16 00:00:00,6,11.86
30004,800076,2026-06-23 00:00:00,8,16.66
30014,800326,2026-05-13 00:00:00,3,10.73
30017,800401,2026-07-23 00:00:00,4,17.13
30043,800938,2026-06-01 00:00:00,1,14.58
30032,800747,2026-04-12 00:00:00,4,4.71
30055,801068,2026-03-23 00:00:00,6,12.79
30010,800210,2026-03-15 00:00:00,3,5.04
30013,800276,2026-03-23 00:00:00,5,13.03
30005,800118,2026-07-25 00:00:00,3,15.25
30074,801256,2026-04-02 00:00:00,2,9.31
30061,801132,2026-01-24 00:00:00,2,14.19
30064,801162,2026-04-22 00:00:00,5,11.13
30013,800296,2026-06-27 00:00:00,4,12.09
30009,800189,2026-06-18 00:00:00,4,6.38
30012,800256,2026-03-29 00:00:00,7,16.51
30045,800964,2026-06-04 00:00:00,2,5.72
30055,801062,2026-02-24 00:00:00,1,14.18
30011,800241,2026-06-08 00:00:00,4,11.42
30033,800792,2026-07-06 00:00:00,5,11.71
30032,800745,2026-04-01 00:00:00,7,12.62
30019,800438,2026-01-03 00:00:00,7,16.05
30108,801413,2025-12-26 00:00:00,2,4.43
30010,800207,2026-03-10 00:00:00,3,8.8
30009,800199,2026-07-16 00:00:00,2,12.0
30032,800751,2026-05-01 00:00:00,8,11.08
30026,800631,2026-06-13 00:00:00,5,9.08
30029,800674,2026-04-09 00:00:00,4,17.67
30053,801050,2026-03-22 00:00:00,6,8.62
30008,800184,2026-07-20 00:00:00,5,8.08
30025,800603,2026-06-24 00:00:00,8,17.87
30040,800897,2026-03-10 00:00:00,1,8.88
30019,800440,2026-01-22 00:00:00,5,11.71
30027,800647,2026-04-02 00:00:00,4,7.89
30026,800629,2026-05-15 00:00:00,5,5.8
30001,800002,2026-03-16 00:00:00,4,5.29
30021,800497,2026-06-02 00:00:00,5,12.97
30011,800246,2026-07-17 00:00:00,3,4.88
30017,800398,2026-07-07 00:00:00,3,8.05
30074,801254,2025-11-21 00:00:00,1,9.01
30038,800876,2026-03-08 00:00:00,4,5.41
30017,800391,2026-05-02 00:00:00,7,10.29
30016,800363,2026-06-05 00:00:00,2,6.88
30061,801133,2026-03-04 00:00:00,4,9.63
30026,800632,2026-06-14 00:00:00,7,4.95
30018,800425,2026-06-11 00:00:00,1,9.04
30028,800663,2026-03-13 00:00:00,4,16.59
30029,800700,2026-07-23 00:00:00,4,4.26
30004,800059,2026-05-20 00:00:00,6,16.06
30049,801001,2026-04-27 00:00:00,4,8.44
30094,801355,2026-05-05 00:00:00,1,7.14
30046,800967,2025-11-29 00:00:00,6,11.81
30023,800555,2026-03-25 00:00:00,6,9.52
30067,801203,2026-07-03 00:00:00,3,8.17
30032,800738,2026-03-02 00:00:00,7,8.71
30006,800135,2026-07-24 00:00:00,7,6.5
30027,800654,2026-07-28 00:00:00,3,16.16
30092,801345,2025-12-18 00:00:00,4,6.56
30029,800679,2026-05-08 00:00:00,6,16.47
30020,800483,2026-05-26 00:00:00,3,11.15
30005,800107,2026-06-24 00:00:00,4,8.5
30035,800830,2026-05-12 00:00:00,4,15.43
30015,800335,2026-06-25 00:00:00,2,16.14
30061,801128,2025-11-22 00:00:00,3,6.71
30053,801044,2025-11-21 00:00:00,6,8.01
30003,800057,2026-07-10 00:00:00,1,10.7
30004,800073,2026-06-13 00:00:00,6,8.15
30006,800121,2025-12-22 00:00:00,4,7.39
30018,800427,2026-07-04 00:00:00,6,13.52
30017,800377,2026-01-26 00:00:00,6,14.83
30023,800557,2026-04-07 00:00:00,4,4.17
30024,800588,2026-05-29 00:00:00,4,13.48
30116,801424,2025-10-15 00:00:00,2,5.84
30033,800768,2026-04-02 00:00:00,6,6.25
30013,800300,2026-07-22 00:00:00,8,13.58
30055,801065,2026-03-09 00:00:00,6,7.94
30067,801207,2026-07-20 00:00:00,5,4.34
30017,800384,2026-03-26 00:00:00,2,10.12
30016,800355,2026-04-04 00:00:00,5,3.12
30052,801036,2026-02-28 00:00:00,5,5.23
30029,800687,2026-05-26 00:00:00,7,4.33
30022,800506,2026-04-01 00:00:00,2,11.63
30066,801194,2026-07-13 00:00:00,6,10.52
30028,800657,2025-11-08 00:00:00,4,4.92
30020,800481,2026-04-15 00:00:00,1,3.15
30014,800322,2026-04-20 00:00:00,3,15.32
30003,800057,2026-07-10 00:00:00,6,5.04
30020,800482,2026-05-12 00:00:00,2,4.94
30012,800254,2026-03-25 00:00:00,7,8.33
30016,800354,2026-03-30 00:00:00,8,8.53
30004,800084,2026-07-20 00:00:00,2,7.91
30051,801025,2026-03-19 00:00:00,3,14.84
30075,801262,2026-05-11 00:00:00,3,9.34
30057,801092,2026-06-19 00:00:00,2,13.46
30002,800020,2026-05-18 00:00:00,6,5.01
30016,800353,2026-03-24 00:00:00,2,15.69
30036,800849,2025-12-17 00:00:00,5,4.49
30004,800080,2026-06-30 00:00:00,1,9.31
30074,801253,2025-10-01 00:00:00,1,4.87
30019,800443,2026-02-04 00:00:00,8,17.82
30013,800287,2026-05-14 00:00:00,7,15.66
30012,800260,2026-04-19 00:00:00,4,11.29
30106,801411,2025-11-05 00:00:00,1,2.42
30050,801010,2025-09-15 00:00:00,5,5.39
30069,801224,2026-05-12 00:00:00,1,14.45
30029,800683,2026-05-17 00:00:00,6,15.32
30022,800513,2026-04-18 00:00:00,2,5.89
30027,800644,2026-03-22 00:00:00,1,9.14
30015,800342,2026-07-10 00:00:00,5,8.09
30026,800628,2026-05-06 00:00:00,1,12.6
30005,800117,2026-07-24 00:00:00,1,14.5
30029,800677,2026-04-29 00:00:00,2,7.12
30065,801186,2026-07-02 00:00:00,4,4.45
30004,800075,2026-06-19 00:00:00,2,10.81
30119,801430,2025-11-30 00:00:00,1,9.66
30021,800498,2026-06-17 00:00:00,2,7.31
30041,800918,2026-06-16 00:00:00,6,13.18
30003,800045,2026-02-06 00:00:00,6,15.6
30045,800958,2026-02-24 00:00:00,6,3.81
30014,800323,2026-04-24 00:00:00,8,11.84
30034,800809,2026-06-04 00:00:00,8,5.1
30018,800405,2026-02-02 00:00:00,7,11.1
30096,801365,2026-03-23 00:00:00,3,5.44
30026,800637,2026-07-23 00:00:00,3,17.25
30058,801100,2026-04-20 00:00:00,5,12.48
30008,800162,2025-12-24 00:00:00,8,8.37
30016,800352,2026-03-23 00:00:00,1,12.93
30051,801025,2026-03-19 00:00:00,1,11.9
30077,801269,2025-09-20 00:00:00,4,11.24
30018,800406,2026-02-08 00:00:00,7,10.51
30079,801280,2026-02-21 00:00:00,2,11.63
30103,801398,2026-05-07 00:00:00,3,5.4
30029,800671,2026-03-12 00:00:00,1,10.08
30024,800574,2026-02-18 00:00:00,4,8.67
30044,800955,2026-07-04 00:00:00,1,9.19
30033,800789,2026-06-15 00:00:00,2,3.6
30012,800272,2026-07-06 00:00:00,2,7.81
30062,801138,2026-07-03 00:00:00,2,4.13
30030,800712,2026-04-13 00:00:00,2,17.75
30013,800286,2026-05-09 00:00:00,1,10.36
30036,800853,2026-04-12 00:00:00,1,6.71
30042,800929,2026-05-14 00:00:00,1,3.9
30011,800231,2026-04-03 00:00:00,6,9.03
30056,801074,2026-01-23 00:00:00,1,12.04
30006,800137,2026-08-01 00:00:00,8,5.63
30026,800626,2026-04-24 00:00:00,1,8.43
30060,801122,2026-05-12 00:00:00,6,13.71
30018,800409,2026-02-23 00:00:00,3,9.15
30041,800909,2026-01-28 00:00:00,2,7.37
30050,801014,2026-01-28 00:00:00,5,13.26
30089,801329,2026-01-03 00:00:00,2,5.17
30033,800785,2026-06-07 00:00:00,4,9.75
30048,800993,2026-04-16 00:00:00,6,3.16
30065,801179,2026-05-01 00:00:00,5,3.69
30012,800268,2026-06-01 00:00:00,3,4.08
30050,801017,2026-05-10 00:00:00,3,3.04
30026,800616,2026-01-22 00:00:00,8,8.22
30011,800243,2026-06-21 00:00:00,8,5.66
30038,800882,2026-06-04 00:00:00,5,11.73
30018,800415,2026-03-19 00:00:00,3,12.41
30009,800197,2026-07-09 00:00:00,2,4.35
30103,801398,2026-05-07 00:00:00,4,3.0
30008,800169,2026-03-11 00:00:00,7,10.86
30136,801454,2025-11-23 00:00:00,2,8.62
30131,801447,2025-12-22 00:00:00,3,3.07
30004,800067,2026-05-31 00:00:00,3,12.29
30003,800041,2025-10-29 00:00:00,7,4.57
30052,801032,2025-12-14 00:00:00,3,10.43
30010,800212,2026-04-12 00:00:00,3,12.59
30003,800052,2026-05-03 00:00:00,3,10.82
30029,800683,2026-05-17 00:00:00,5,3.56
30008,800185,2026-07-23 00:00:00,8,9.77
30099,801381,2026-06-12 00:00:00,1,5.67
30031,800723,2025-11-03 00:00:00,2,10.03
30021,800491,2026-04-07 00:00:00,8,10.15
30001,800003,2026-03-17 00:00:00,1,4.8
30092,801344,2025-10-15 00:00:00,1,9.25
30006,800128,2026-04-08 00:00:00,7,7.09
30013,800299,2026-07-18 00:00:00,8,8.92
30015,800341,2026-07-07 00:00:00,6,17.64
30002,800023,2026-05-24 00:00:00,7,9.79
30031,800722,2025-10-05 00:00:00,2,6.6
30064,801159,2026-03-21 00:00:00,1,10.22
30001,800017,2026-07-09 00:00:00,2,6.97
30018,800422,2026-05-15 00:00:00,3,10.21
30035,800837,2026-06-09 00:00:00,1,11.97
30016,800369,2026-06-24 00:00:00,4,12.19
30045,800959,2026-03-25 00:00:00,6,10.71
30047,800980,2026-05-12 00:00:00,2,3.53
30022,800527,2026-06-27 00:00:00,1,11.68
30035,800839,2026-06-13 00:00:00,4,15.68
30002,800037,2026-07-28 00:00:00,7,15.05
30041,800908,2026-01-17 00:00:00,4,7.25
30022,800528,2026-06-28 00:00:00,2,5.82
30013,800300,2026-07-22 00:00:00,1,9.81
30010,800210,2026-03-15 00:00:00,1,14.33
30019,800443,2026-02-04 00:00:00,5,11.95
30048,800986,2026-01-03 00:00:00,3,12.21
30018,800419,2026-04-25 00:00:00,5,13.76
30013,800294,2026-06-18 00:00:00,3,9.72
30065,801175,2026-01-06 00:00:00,5,13.93
30029,800691,2026-06-07 00:00:00,7,10.22
30066,801192,2026-07-05 00:00:00,3,4.9
30024,800576,2026-03-12 00:00:00,8,10.1
30034,800815,2026-06-24 00:00:00,2,17.42
30017,800375,2025-12-25 00:00:00,3,6.46
30019,800446,2026-03-19 00:00:00,3,3.37
30056,801077,2026-04-22 00:00:00,4,4.78
30008,800160,2025-11-10 00:00:00,4,11.92
30051,801024,2026-03-08 00:00:00,2,10.37
30003,800041,2025-10-29 00:00:00,1,9.78
30006,800136,2026-07-25 00:00:00,4,8.39
30033,800769,2026-04-07 00:00:00,7,6.87
30016,800359,2026-04-24 00:00:00,6,3.69
30021,800494,2026-04-28 00:00:00,3,16.48
30085,801312,2026-04-03 00:00:00,3,2.35
30032,800752,2026-05-04 00:00:00,1,4.95
30023,800564,2026-05-30 00:00:00,7,10.97
30042,800926,2026-04-19 00:00:00,4,4.16
30060,801122,2026-05-12 00:00:00,1,3.9
30064,801165,2026-05-15 00:00:00,6,6.22
30028,800663,2026-03-13 00:00:00,7,11.3
30022,800532,2026-07-20 00:00:00,7,13.1
30067,801206,2026-07-18 00:00:00,6,11.94
30109,801414,2025-11-16 00:00:00,1,8.16
30003,800040,2025-10-27 00:00:00,2,16.61
30074,801257,2026-04-08 00:00:00,3,5.35
30054,801060,2026-07-07 00:00:00,3,9.06
30005,800116,2026-07-20 00:00:00,1,8.57
30097,801368,2025-10-02 00:00:00,3,9.2
30061,801131,2025-12-16 00:00:00,2,10.52
30024,800581,2026-04-09 00:00:00,8,17.72
30037,800863,2026-03-23 00:00:00,4,13.84
30025,800604,2026-06-28 00:00:00,8,3.36
30015,800336,2026-06-27 00:00:00,4,6.02
30013,800282,2026-04-24 00:00:00,2,3.11
30102,801392,2026-04-11 00:00:00,4,2.3
30054,801054,2026-02-20 00:00:00,1,9.68
30042,800927,2026-05-07 00:00:00,4,10.12
30028,800662,2026-02-25 00:00:00,8,9.96
30035,800821,2026-04-19 00:00:00,4,8.54
30135,801453,2025-11-12 00:00:00,1,5.26
30023,800563,2026-05-27 00:00:00,6,16.08
30035,800844,2026-07-04 00:00:00,8,9.75
30033,800771,2026-04-17 00:00:00,3,14.06
30020,800482,2026-05-12 00:00:00,3,6.78
30066,801196,2026-07-17 00:00:00,6,8.66
30025,800606,2026-07-09 00:00:00,7,5.49
30003,800055,2026-05-27 00:00:00,1,11.78
30032,800764,2026-07-18 00:00:00,2,7.26
30004,800075,2026-06-19 00:00:00,6,15.03
30085,801309,2026-01-03 00:00:00,3,7.09
30007,800144,2026-04-21 00:00:00,3,8.4
30019,800445,2026-02-15 00:00:00,1,14.79
30019,800433,2025-12-16 00:00:00,7,6.73
30068,801216,2026-07-15 00:00:00,4,13.05
30028,800669,2026-07-13 00:00:00,1,15.0
30053,801043,2025-10-27 00:00:00,3,5.51
30012,800273,2026-07-10 00:00:00,8,7.81
30008,800175,2026-04-15 00:00:00,2,4.66
30004,800071,2026-06-09 00:00:00,2,12.29
30020,800464,2025-11-04 00:00:00,3,9.08
30038,800882,2026-06-04 00:00:00,4,6.17
30007,800138,2026-01-19 00:00:00,5,14.11
30033,800775,2026-04-29 00:00:00,1,11.69
30016,800367,2026-06-14 00:00:00,5,12.26
30098,801373,2025-10-01 00:00:00,4,4.46
30014,800323,2026-04-24 00:00:00,3,16.4
30085,801310,2026-02-18 00:00:00,2,8.6
30002,800021,2026-05-18 00:00:00,8,3.05
30053,801047,2026-02-01 00:00:00,5,12.75
30006,800120,2025-12-19 00:00:00,5,7.98
30035,800845,2026-07-09 00:00:00,5,7.88
30020,800466,2025-11-25 00:00:00,6,10.95
30008,800178,2026-05-07 00:00:00,2,8.44
30013,800302,2026-07-25 00:00:00,4,11.47
30046,800973,2026-06-19 00:00:00,3,4.15
30007,800151,2026-07-05 00:00:00,5,3.28
30019,800449,2026-04-20 00:00:00,2,12.85
30084,801305,2026-03-09 00:00:00,2,6.31
30011,800233,2026-04-12 00:00:00,8,9.06
30041,800905,2025-12-28 00:00:00,5,7.86
30033,800786,2026-06-07 00:00:00,6,5.94
30005,800106,2026-06-24 00:00:00,7,6.24
30017,800393,2026-05-19 00:00:00,3,12.38
30036,800851,2026-01-24 00:00:00,3,13.55
30029,800688,2026-05-29 00:00:00,1,13.23
30006,800134,2026-06-13 00:00:00,4,6.51
30024,800580,2026-04-02 00:00:00,3,13.44
30067,801204,2026-07-11 00:00:00,5,11.2
30004,800074,2026-06-16 00:00:00,8,7.96
30043,800938,2026-06-01 00:00:00,1,7.47
30111,801417,2026-01-07 00:00:00,3,5.46
30041,800915,2026-05-02 00:00:00,5,14.26
30030,800708,2025-12-29 00:00:00,5,14.76
30063,801150,2026-04-10 00:00:00,3,10.24
30037,800864,2026-04-29 00:00:00,3,9.65
30018,800431,2026-07-25 00:00:00,2,5.93
30050,801012,2025-10-23 00:00:00,4,7.31
30064,801161,2026-04-14 00:00:00,3,14.21
30050,801019,2026-06-04 00:00:00,3,4.23
30026,800616,2026-01-22 00:00:00,7,16.97
30024,800581,2026-04-09 00:00:00,3,10.44
30015,800344,2026-07-16 00:00:00,7,12.19
30034,800819,2026-07-28 00:00:00,8,12.81
30004,800065,2026-05-27 00:00:00,7,3.94
30032,800756,2026-06-08 00:00:00,8,3.59
30087,801321,2026-04-13 00:00:00,3,7.94
30054,801055,2026-02-25 00:00:00,3,9.22
30011,800243,2026-06-21 00:00:00,4,8.38
30069,801226,2026-06-29 00:00:00,3,11.95
30004,800071,2026-06-09 00:00:00,2,16.28
30084,801306,2026-03-14 00:00:00,4,3.04
30029,800685,2026-05-19 00:00:00,5,17.74
30058,801104,2026-06-21 00:00:00,2,13.51
30052,801039,2026-05-17 00:00:00,6,5.71
30017,800399,2026-07-19 00:00:00,4,13.0
30019,800439,2026-01-03 00:00:00,6,10.02
30019,800454,2026-06-29 00:00:00,3,11.96
30050,801018,2026-06-01 00:00:00,6,13.45
30003,800044,2026-01-18 00:00:00,2,15.13
30010,800206,2026-03-06 00:00:00,4,15.74
30012,800255,2026-03-26 00:00:00,8,16.9
30008,800176,2026-04-24 00:00:00,5,11.74
30003,800053,2026-05-08 00:00:00,7,12.86
30025,800605,2026-06-30 00:00:00,4,12.46
30057,801092,2026-06-19 00:00:00,1,8.92
30070,801232,2026-01-20 00:00:00,6,11.53
30077,801272,2026-02-15 00:00:00,3,2.65
30025,800599,2026-03-28 00:00:00,3,8.49
30027,800652,2026-07-16 00:00:00,5,17.69
30051,801029,2026-05-30 00:00:00,2,5.53
30038,800881,2026-06-03 00:00:00,5,3.97
30099,801380,2026-03-18 00:00:00,1,8.14
30005,800087,2026-05-11 00:00:00,1,12.21
30017,800388,2026-04-09 00:00:00,4,17.47
30102,801395,2026-05-12 00:00:00,4,4.79
30122,801434,2025-11-18 00:00:00,1,8.57
30011,800232,2026-04-04 00:00:00,6,10.27
30033,800794,2026-07-27 00:00:00,7,5.18
30001,800015,2026-06-22 00:00:00,2,5.32
30013,800292,2026-06-01 00:00:00,5,5.34
30023,800537,2025-11-20 00:00:00,5,10.24
30003,800054,2026-05-22 00:00:00,8,16.5
30030,800711,2026-04-01 00:00:00,2,11.47
30002,800023,2026-05-24 00:00:00,6,15.18
30094,801356,2026-05-09 00:00:00,4,3.78
30020,800462,2025-10-25 00:00:00,1,9.5
30033,800790,2026-06-19 00:00:00,1,16.64
30008,800164,2026-01-19 00:00:00,3,13.25
30038,800885,2026-06-26 00:00:00,6,6.09
30042,800928,2026-05-12 00:00:00,6,8.11
30044,800950,2026-04-13 00:00:00,4,12.06
30014,800316,2026-02-21 00:00:00,1,4.67
30032,800749,2026-04-29 00:00:00,3,6.55
30016,800355,2026-04-04 00:00:00,6,3.81
30092,801348,2026-04-04 00:00:00,1,4.85
30003,800053,2026-05-08 00:00:00,1,17.04
30011,800242,2026-06-20 00:00:00,2,3.82
30081,801292,2026-04-09 00:00:00,2,9.79
30003,800038,2025-10-10 00:00:00,6,6.73
30042,800921,2026-02-12 00:00:00,2,9.02
30022,800536,2026-07-30 00:00:00,2,7.28
30039,800894,2026-06-14 00:00:00,4,4.6
30005,800109,2026-06-29 00:00:00,4,14.89
30030,800720,2026-07-18 00:00:00,6,5.05
30012,800254,2026-03-25 00:00:00,1,13.19
30058,801095,2026-01-19 00:00:00,1,11.16
30026,800610,2025-12-07 00:00:00,8,5.88
30080,801288,2026-04-13 00:00:00,1,9.91
30079,801279,2025-12-27 00:00:00,2,10.2
30107,801412,2026-01-23 00:00:00,3,5.34
30034,800799,2026-04-09 00:00:00,7,9.72
30092,801349,2026-04-30 00:00:00,4,2.27
30035,800839,2026-06-13 00:00:00,7,8.19
30063,801143,2026-01-10 00:00:00,5,11.03
30031,800733,2026-05-20 00:00:00,4,6.62
30034,800820,2026-07-29 00:00:00,4,14.23
30041,800918,2026-06-16 00:00:00,1,9.79
30064,801163,2026-05-09 00:00:00,5,3.32
30004,800085,2026-07-22 00:00:00,1,6.85
30023,800551,2026-03-05 00:00:00,1,13.54
30007,800143,2026-04-10 00:00:00,3,7.89
30031,800725,2025-11-19 00:00:00,3,13.49
30001,800013,2026-06-14 00:00:00,5,5.95
30099,801377,2025-11-02 00:00:00,4,5.65
30012,800269,2026-06-19 00:00:00,1,15.83
30034,800808,2026-05-25 00:00:00,1,7.69
30038,800879,2026-05-26 00:00:00,5,10.18
30025,800596,2026-02-18 00:00:00,2,13.55
30063,801151,2026-05-31 00:00:00,1,9.93
30044,800949,2026-03-28 00:00:00,1,6.37
30002,800023,2026-05-24 00:00:00,2,17.96
30036,800857,2026-05-25 00:00:00,3,11.61
30009,800191,2026-06-25 00:00:00,6,13.0
30012,800263,2026-05-03 00:00:00,7,16.85
30048,800998,2026-06-26 00:00:00,6,13.63
30018,800403,2026-01-10 00:00:00,5,16.49
30017,800379,2026-02-15 00:00:00,4,13.75
30087,801319,2026-03-19 00:00:00,2,4.22
30075,801258,2025-11-06 00:00:00,4,4.93
30024,800577,2026-03-20 00:00:00,8,8.77
30022,800536,2026-07-30 00:00:00,6,15.87
30018,800404,2026-01-19 00:00:00,3,12.77
30013,800289,2026-05-20 00:00:00,7,7.37
30040,800899,2026-03-17 00:00:00,1,3.86
30035,800822,2026-04-19 00:00:00,8,15.02
30032,800747,2026-04-12 00:00:00,8,16.71
30019,800457,2026-07-28 00:00:00,8,4.6
30024,800569,2025-12-29 00:00:00,1,6.37
30016,800353,2026-03-24 00:00:00,2,6.81
30023,800556,2026-03-28 00:00:00,8,6.56
30016,800366,2026-06-14 00:00:00,5,10.58
30016,800361,2026-05-30 00:00:00,1,11.02
30067,801204,2026-07-11 00:00:00,6,9.73
30058,801104,2026-06-21 00:00:00,4,7.53
30020,800458,2025-09-30 00:00:00,2,4.34
30125,801437,2026-02-17 00:00:00,3,8.58
30044,800947,2026-03-08 00:00:00,3,4.67
30029,800674,2026-04-09 00:00:00,6,12.42
30072,801247,2026-04-15 00:00:00,3,6.66
30023,800542,2025-12-20 00:00:00,2,8.37
30022,800518,2026-05-26 00:00:00,1,14.22
30053,801045,2025-11-24 00:00:00,1,6.61
30126,801440,2026-03-16 00:00:00,1,3.29
30074,801256,2026-04-02 00:00:00,3,5.73
30025,800608,2026-07-17 00:00:00,2,15.53
30041,800911,2026-03-03 00:00:00,1,6.41
30046,800969,2026-04-21 00:00:00,3,14.32
30123,801435,2025-11-18 00:00:00,2,4.59
30025,800606,2026-07-09 00:00:00,6,13.61
30008,800183,2026-07-09 00:00:00,8,9.93
30017,800381,2026-03-04 00:00:00,4,13.31
30029,800673,2026-04-04 00:00:00,3,8.98
30045,800965,2026-06-24 00:00:00,6,6.34
30014,800307,2025-12-30 00:00:00,5,11.04
30056,801080,2026-05-14 00:00:00,4,4.4
30026,800617,2026-01-26 00:00:00,3,9.12
30008,800184,2026-07-20 00:00:00,1,11.39
30032,800763,2026-07-15 00:00:00,6,8.39
30063,801144,2026-02-18 00:00:00,4,7.04
30054,801054,2026-02-20 00:00:00,4,7.55
30058,801105,2026-06-24 00:00:00,3,14.9
30004,800070,2026-06-07 00:00:00,2,10.37
30088,801327,2026-04-04 00:00:00,2,5.64
30032,800763,2026-07-15 00:00:00,5,4.8
30020,800465,2025-11-25 00:00:00,6,16.81
30011,800228,2026-03-21 00:00:00,3,7.05
30028,800665,2026-05-20 00:00:00,5,12.88
30116,801424,2025-10-15 00:00:00,1,3.3
30092,801349,2026-04-30 00:00:00,2,4.83
30025,800593,2025-12-01 00:00:00,6,13.39
30027,800646,2026-04-01 00:00:00,3,16.55
30018,800416,2026-03-19 00:00:00,2,4.44
30093,801350,2025-08-01 00:00:00,4,10.56
30013,800283,2026-04-24 00:00:00,2,13.34
30004,800085,2026-07-22 00:00:00,1,14.42
30064,801159,2026-03-21 00:00:00,1,7.9
30042,800931,2026-06-06 00:00:00,3,12.02
30044,800953,2026-06-20 00:00:00,6,13.14
30020,800468,2025-12-04 00:00:00,6,7.16
30048,800986,2026-01-03 00:00:00,6,9.72
30021,800495,2026-05-06 00:00:00,6,15.69
30035,800840,2026-06-19 00:00:00,5,11.78
30021,800493,2026-04-21 00:00:00,2,6.57
30084,801307,2026-04-06 00:00:00,1,4.77
30066,801192,2026-07-05 00:00:00,4,10.61
30005,800103,2026-06-20 00:00:00,2,15.02
30081,801289,2026-02-27 00:00:00,1,6.95
30018,800408,2026-02-21 00:00:00,8,12.21
30042,800927,2026-05-07 00:00:00,1,3.74
30129,801444,2026-01-11 00:00:00,3,4.63
30030,800720,2026-07-18 00:00:00,7,14.85
30002,800019,2026-05-11 00:00:00,5,10.64
30013,800290,2026-05-25 00:00:00,4,12.85
30018,800429,2026-07-12 00:00:00,4,13.76
30054,801058,2026-05-31 00:00:00,6,10.94
30015,800347,2026-07-23 00:00:00,3,8.64
30055,801068,2026-03-23 00:00:00,4,4.53
30012,800252,2026-03-05 00:00:00,8,6.14
30062,801137,2026-06-19 00:00:00,4,7.15
30016,800360,2026-04-29 00:00:00,6,14.75
30018,800430,2026-07-21 00:00:00,2,13.03
30115,801422,2025-12-13 00:00:00,2,3.37
30025,800593,2025-12-01 00:00:00,1,14.27
30033,800769,2026-04-07 00:00:00,3,11.6
30029,800672,2026-03-23 00:00:00,1,5.46
30065,801182,2026-05-19 00:00:00,4,9.53
30030,800707,2025-12-28 00:00:00,2,14.18
30132,801448,2025-10-07 00:00:00,2,9.54
30114,801420,2025-07-12 00:00:00,3,8.59
30046,800973,2026-06-19 00:00:00,2,5.44
30016,800373,2026-07-17 00:00:00,3,13.45
30088,801326,2026-02-24 00:00:00,2,9.71
30015,800341,2026-07-07 00:00:00,4,7.9
30021,800494,2026-04-28 00:00:00,2,9.81
30023,800547,2026-01-22 00:00:00,5,5.33
30013,800280,2026-04-14 00:00:00,6,16.54
30007,800145,2026-05-16 00:00:00,5,4.9
30064,801158,2026-03-14 00:00:00,5,4.72
30055,801071,2026-06-13 00:00:00,2,10.15
30055,801064,2026-03-04 00:00:00,6,14.7
30024,800583,2026-05-10 00:00:00,5,4.41
30012,800267,2026-05-22 00:00:00,8,11.86
30030,800711,2026-04-01 00:00:00,7,6.58
30026,800625,2026-04-11 00:00:00,8,4.92
30070,801231,2026-01-14 00:00:00,4,9.72
30096,801366,2026-04-05 00:00:00,1,8.11
30012,800259,2026-04-15 00:00:00,3,4.33
30008,800158,2025-11-02 00:00:00,4,8.24
30009,800204,2026-07-26 00:00:00,6,15.34
30014,800308,2026-01-05 00:00:00,7,15.48
30033,800772,2026-04-18 00:00:00,2,3.86
30014,800327,2026-07-01 00:00:00,2,13.89
30075,801259,2025-11-26 00:00:00,4,9.56
30025,800596,2026-02-18 00:00:00,3,16.77
30058,801099,2026-04-04 00:00:00,5,4.28
30105,801409,2026-03-19 00:00:00,2,11.89
30032,800757,2026-06-13 00:00:00,8,6.66
30021,800487,2026-02-21 00:00:00,4,9.8
30033,800788,2026-06-11 00:00:00,1,9.68
30043,800937,2026-05-15 00:00:00,1,3.2
30002,800027,2026-06-07 00:00:00,5,17.25
30034,800819,2026-07-28 00:00:00,1,12.24
30036,800857,2026-05-25 00:00:00,3,13.05
30035,800842,2026-06-30 00:00:00,8,3.65
30008,800158,2025-11-02 00:00:00,6,12.2
30052,801031,2025-11-27 00:00:00,4,11.58
30012,800257,2026-04-08 00:00:00,2,11.67
30014,800319,2026-03-23 00:00:00,6,4.48
30009,800196,2026-07-04 00:00:00,6,11.42
30078,801278,2026-04-04 00:00:00,4,11.17
30054,801055,2026-02-25 00:00:00,4,6.26
30040,800902,2026-06-07 00:00:00,1,7.07
30026,800619,2026-02-14 00:00:00,7,17.53
30063,801143,2026-01-10 00:00:00,1,12.88
30046,800968,2026-02-07 00:00:00,1,14.6
30013,800292,2026-06-01 00:00:00,2,7.51
30017,800377,2026-01-26 00:00:00,3,9.15
30072,801244,2026-02-13 00:00:00,3,2.64
30026,800624,2026-04-06 00:00:00,6,10.68
30060,801118,2026-04-07 00:00:00,4,8.52
30024,800571,2026-02-05 00:00:00,5,13.87
30009,800192,2026-06-27 00:00:00,8,11.95
30032,800746,2026-04-05 00:00:00,8,8.62
30018,800412,2026-02-25 00:00:00,4,15.29
30050,801012,2025-10-23 00:00:00,3,12.1
30010,800214,2026-04-28 00:00:00,4,8.98
30001,800004,2026-03-28 00:00:00,6,10.42
30080,801287,2026-04-03 00:00:00,4,7.58
30084,801303,2025-08-27 00:00:00,3,10.8
30005,800086,2026-05-09 00:00:00,4,5.89
30025,800594,2025-12-06 00:00:00,1,6.96
30059,801108,2026-02-11 00:00:00,3,5.24
30022,800508,2026-04-07 00:00:00,4,16.91
30007,800146,2026-05-27 00:00:00,2,11.75
30023,800537,2025-11-20 00:00:00,8,17.08
30042,800933,2026-06-25 00:00:00,4,5.96
30087,801321,2026-04-13 00:00:00,4,5.04
30042,800925,2026-04-15 00:00:00,5,5.53
30033,800782,2026-05-25 00:00:00,6,6.64
30020,800483,2026-05-26 00:00:00,1,7.29
30100,801384,2026-01-07 00:00:00,2,11.89
30017,800380,2026-02-25 00:00:00,1,4.93
30025,800601,2026-04-25 00:00:00,1,5.91
30034,800816,2026-06-26 00:00:00,4,9.92
30026,800623,2026-03-20 00:00:00,3,14.59
30044,800943,2026-01-04 00:00:00,4,11.19
30012,800262,2026-05-03 00:00:00,6,14.1
30131,801447,2025-12-22 00:00:00,3,4.56
30049,801006,2026-06-24 00:00:00,6,6.71
30049,801001,2026-04-27 00:00:00,3,4.83
30017,800400,2026-07-21 00:00:00,1,15.2
30032,800750,2026-04-30 00:00:00,1,15.41
30020,800461,2025-10-17 00:00:00,1,8.57
30058,801107,2026-07-12 00:00:00,1,14.79
30032,800742,2026-03-20 00:00:00,7,4.05
30020,800475,2026-02-16 00:00:00,5,8.79
30013,800296,2026-06-27 00:00:00,1,5.04
30081,801291,2026-04-01 00:00:00,4,3.57
30070,801238,2026-06-16 00:00:00,3,9.63
30041,800914,2026-04-30 00:00:00,5,3.59
30089,801330,2026-02-22 00:00:00,1,6.72
30076,801266,2026-05-01 00:00:00,3,8.79
30002,800031,2026-06-23 00:00:00,2,9.1
30087,801322,2026-04-18 00:00:00,3,7.42
30019,800452,2026-05-30 00:00:00,8,11.34
30012,800251,2026-03-05 00:00:00,8,12.57
30033,800774,2026-04-20 00:00:00,4,4.72
30062,801139,2026-07-10 00:00:00,3,4.58
30060,801126,2026-06-27 00:00:00,1,8.04
30031,800737,2026-07-18 00:00:00,3,12.09
30106,801411,2025-11-05 00:00:00,2,2.27
30097,801370,2025-12-22 00:00:00,4,6.19
30030,800706,2025-12-09 00:00:00,5,17.31
30027,800639,2026-02-13 00:00:00,4,11.79
30014,800315,2026-02-21 00:00:00,6,7.54
30059,801112,2026-04-14 00:00:00,2,9.31
30026,800625,2026-04-11 00:00:00,6,15.13
30004,800064,2026-05-26 00:00:00,3,12.04
30023,800568,2026-07-17 00:00:00,6,11.96
30024,800586,2026-05-15 00:00:00,8,10.47
30004,800061,2026-05-21 00:00:00,3,8.89
30016,800370,2026-06-25 00:00:00,2,7.64
30058,801102,2026-05-18 00:00:00,5,7.87
30028,800664,2026-03-29 00:00:00,6,9.18
30020,800473,2026-01-31 00:00:00,6,3.16
30101,801389,2026-04-20 00:00:00,1,7.22
30023,800566,2026-06-19 00:00:00,6,11.68
30070,801233,2026-02-14 00:00:00,5,8.57
30003,800044,2026-01-18 00:00:00,2,14.87
30020,800472,2026-01-09 00:00:00,8,14.8
30013,800277,2026-03-27 00:00:00,2,12.23
30039,800890,2026-01-26 00:00:00,1,9.79
30002,800035,2026-07-01 00:00:00,3,9.82
30063,801155,2026-06-30 00:00:00,5,13.88
30043,800938,2026-06-01 00:00:00,5,14.75
30041,800913,2026-04-22 00:00:00,4,8.28
30064,801171,2026-07-14 00:00:00,3,12.67
30018,800423,2026-05-16 00:00:00,4,5.66
30008,800155,2025-10-18 00:00:00,3,5.63
30138,801458,2025-12-09 00:00:00,1,6.36
30011,800231,2026-04-03 00:00:00,2,9.36
30019,800455,2026-07-05 00:00:00,2,7.74
30024,800577,2026-03-20 00:00:00,5,7.25
30134,801452,2026-02-24 00:00:00,1,9.67
30051,801026,2026-03-24 00:00:00,5,6.53
30065,801177,2026-03-03 00:00:00,4,3.78
30105,801407,2026-01-21 00:00:00,4,8.56
30030,800707,2025-12-28 00:00:00,8,7.75
30005,800098,2026-06-04 00:00:00,5,13.54
30035,800834,2026-06-03 00:00:00,2,7.39
30068,801214,2026-04-19 00:00:00,4,8.49
30013,800294,2026-06-18 00:00:00,5,4.83
30023,800538,2025-11-23 00:00:00,5,3.9
30015,800331,2026-06-22 00:00:00,2,5.14
30102,801392,2026-04-11 00:00:00,1,4.72
30043,800935,2026-03-02 00:00:00,4,4.18
30048,800991,2026-03-25 00:00:00,3,8.92
30016,800366,2026-06-14 00:00:00,8,3.51
30036,800849,2025-12-17 00:00:00,1,5.57
30023,800564,2026-05-30 00:00:00,3,3.56
30046,800972,2026-06-16 00:00:00,4,9.2
30058,801096,2026-01-27 00:00:00,1,8.15
30014,800313,2026-01-24 00:00:00,5,8.83
30008,800177,2026-05-05 00:00:00,1,12.77
30006,800124,2026-02-05 00:00:00,5,14.23
30042,800923,2026-03-24 00:00:00,6,7.59
30029,800699,2026-07-18 00:00:00,4,6.99
30010,800224,2026-07-31 00:00:00,8,9.85
30063,801145,2026-03-12 00:00:00,5,14.98
30053,801043,2025-10-27 00:00:00,5,8.52
30080,801284,2025-12-31 00:00:00,3,5.54
30001,800013,2026-06-14 00:00:00,4,12.6
30008,800153,2025-10-01 00:00:00,6,4.56
30012,800264,2026-05-11 00:00:00,5,16.08
30037,800866,2026-06-06 00:00:00,1,13.47
30079,801280,2026-02-21 00:00:00,4,9.51
30115,801423,2025-12-25 00:00:00,1,5.76
30017,800394,2026-05-24 00:00:00,7,8.9
30037,800864,2026-04-29 00:00:00,1,3.33
30030,800702,2025-10-23 00:00:00,5,6.2
30042,800926,2026-04-19 00:00:00,1,9.16
30018,800414,2026-03-11 00:00:00,1,7.06
30040,800896,2026-02-25 00:00:00,3,3.66
30006,800127,2026-03-30 00:00:00,5,6.47
30026,800630,2026-05-17 00:00:00,4,9.3
30002,800020,2026-05-18 00:00:00,8,16.23
30014,800322,2026-04-20 00:00:00,6,7.73
30092,801344,2025-10-15 00:00:00,1,2.77
30064,801166,2026-05-21 00:00:00,5,9.71
30002,800030,2026-06-17 00:00:00,4,6.51
30022,800526,2026-06-26 00:00:00,1,16.94
30009,800198,2026-07-14 00:00:00,4,4.57
30015,800348,2026-07-24 00:00:00,3,13.1
30014,800312,2026-01-19 00:00:00,4,16.34
30024,800583,2026-05-10 00:00:00,8,13.08
30088,801325,2026-02-09 00:00:00,1,7.92
30070,801239,2026-07-15 00:00:00,4,12.78
30026,800626,2026-04-24 00:00:00,7,13.33
30022,800535,2026-07-27 00:00:00,5,5.77
30103,801397,2026-02-25 00:00:00,1,5.64
30010,800224,2026-07-31 00:00:00,6,13.85
30033,800771,2026-04-17 00:00:00,2,13.24
30100,801386,2026-02-13 00:00:00,3,7.24
30019,800448,2026-04-03 00:00:00,7,3.11
30028,800656,2025-11-06 00:00:00,2,16.1
30030,800714,2026-05-25 00:00:00,2,14.58
30059,801111,2026-04-14 00:00:00,2,13.72
30138,801458,2025-12-09 00:00:00,1,5.94
30081,801292,2026-04-09 00:00:00,1,3.62
30014,800311,2026-01-15 00:00:00,8,13.67
30008,800158,2025-11-02 00:00:00,8,4.66
30024,800591,2026-07-18 00:00:00,4,8.94
30035,800823,2026-04-21 00:00:00,1,4.34
30065,801180,2026-05-01 00:00:00,4,7.83
30022,800532,2026-07-20 00:00:00,4,7.82
30002,800028,2026-06-08 00:00:00,8,11.34
30025,800595,2026-02-05 00:00:00,4,17.97
30004,800066,2026-05-29 00:00:00,6,14.99
30065,801179,2026-05-01 00:00:00,2,9.71
30020,800460,2025-10-15 00:00:00,2,5.54
30017,800398,2026-07-07 00:00:00,1,7.9
30014,800303,2025-12-07 00:00:00,8,6.43
30139,801459,2026-01-28 00:00:00,3,6.55
30050,801015,2026-02-19 00:00:00,4,4.16
30023,800560,2026-05-18 00:00:00,5,8.56
30044,800947,2026-03-08 00:00:00,6,13.89
30020,800467,2025-11-29 00:00:00,6,16.06
30025,800594,2025-12-06 00:00:00,6,3.65
30021,800499,2026-06-18 00:00:00,1,9.81
30118,801428,2025-10-11 00:00:00,2,8.0
30022,800533,2026-07-22 00:00:00,2,5.24
30017,800397,2026-06-20 00:00:00,8,6.78
30012,800255,2026-03-26 00:00:00,1,7.52
30017,800386,2026-04-07 00:00:00,1,16.83
30026,800619,2026-02-14 00:00:00,5,15.88
30035,800843,2026-07-02 00:00:00,8,10.91
30022,800528,2026-06-28 00:00:00,2,12.56
30023,800548,2026-02-07 00:00:00,7,6.64
30008,800167,2026-02-23 00:00:00,4,10.51
30026,800621,2026-03-04 00:00:00,8,8.69
30026,800629,2026-05-15 00:00:00,5,9.18
30125,801437,2026-02-17 00:00:00,3,3.63
30017,800378,2026-01-31 00:00:00,1,12.09
30022,800532,2026-07-20 00:00:00,1,11.3
30019,800443,2026-02-04 00:00:00,3,10.68
30138,801458,2025-12-09 00:00:00,1,5.57
30020,800472,2026-01-09 00:00:00,3,12.63
30022,800525,2026-06-23 00:00:00,3,9.77
30021,800497,2026-06-02 00:00:00,3,3.4
30111,801417,2026-01-07 00:00:00,3,8.48
30011,800227,2026-03-03 00:00:00,8,11.43
30065,801173,2025-10-30 00:00:00,3,14.64
30133,801451,2025-12-25 00:00:00,3,8.37
30026,800613,2026-01-04 00:00:00,2,15.18
30036,800848,2025-12-14 00:00:00,5,5.52
30013,800291,2026-05-26 00:00:00,6,10.99
30126,801439,2026-01-07 00:00:00,3,4.51
30034,800803,2026-04-23 00:00:00,7,14.45
30022,800509,2026-04-08 00:00:00,8,12.94
30039,800888,2025-12-25 00:00:00,6,12.2
30019,800434,2025-12-19 00:00:00,1,16.66
30099,801377,2025-11-02 00:00:00,2,4.29
30048,800993,2026-04-16 00:00:00,4,9.49
30088,801325,2026-02-09 00:00:00,1,11.58
30074,801257,2026-04-08 00:00:00,2,9.16
30014,800315,2026-02-21 00:00:00,6,6.6
30036,800852,2026-03-07 00:00:00,1,13.93
30064,801170,2026-07-14 00:00:00,3,4.27
30014,800319,2026-03-23 00:00:00,7,12.77
30123,801435,2025-11-18 00:00:00,2,8.75
30017,800396,2026-06-20 00:00:00,4,12.79
30002,800022,2026-05-20 00:00:00,6,4.58
30032,800760,2026-06-24 00:00:00,5,6.65
30010,800219,2026-06-13 00:00:00,4,10.08
30008,800157,2025-10-28 00:00:00,5,17.02
30062,801140,2026-07-16 00:00:00,5,9.93
30015,800341,2026-07-07 00:00:00,4,15.74
30016,800351,2026-03-14 00:00:00,4,9.7
30005,800101,2026-06-11 00:00:00,2,11.19
30089,801334,2026-05-24 00:00:00,2,4.37
30027,800649,2026-05-06 00:00:00,2,17.27
30023,800561,2026-05-20 00:00:00,7,4.94
30030,800709,2026-02-25 00:00:00,2,8.19
30003,800046,2026-02-10 00:00:00,8,15.28
30076,801265,2026-04-16 00:00:00,3,11.09
30016,800364,2026-06-07 00:00:00,2,16.87
30022,800523,2026-06-17 00:00:00,7,6.92
30049,801007,2026-07-14 00:00:00,2,12.16
30114,801421,2025-10-06 00:00:00,3,5.78
30051,801030,2026-07-04 00:00:00,1,6.5
30030,800708,2025-12-29 00:00:00,8,3.26
30033,800779,2026-05-16 00:00:00,6,9.83
30070,801236,2026-03-19 00:00:00,5,8.4
30077,801271,2025-11-27 00:00:00,4,3.25
30021,800494,2026-04-28 00:00:00,3,15.49
30013,800279,2026-04-07 00:00:00,4,6.21
30018,800431,2026-07-25 00:00:00,4,10.9
30017,800392,2026-05-03 00:00:00,2,10.46
30014,800325,2026-05-07 00:00:00,5,14.04
30063,801155,2026-06-30 00:00:00,5,11.28
30082,801293,2026-04-03 00:00:00,4,4.65
30029,800673,2026-04-04 00:00:00,4,13.7
30009,800198,2026-07-14 00:00:00,7,8.44
30033,800793,2026-07-20 00:00:00,5,11.62
30051,801023,2026-02-27 00:00:00,5,7.8
30048,800985,2025-12-31 00:00:00,6,4.15
30065,801183,2026-05-28 00:00:00,6,8.15
30037,800867,2026-06-23 00:00:00,3,12.6
30002,800034,2026-06-30 00:00:00,1,11.94
30064,801163,2026-05-09 00:00:00,4,10.54
30007,800152,2026-07-27 00:00:00,6,7.23
30020,800463,2025-11-01 00:00:00,8,4.49
30012,800268,2026-06-01 00:00:00,5,4.65
30085,801313,2026-04-25 00:00:00,4,10.08
30086,801315,2026-04-27 00:00:00,4,3.11
30006,800127,2026-03-30 00:00:00,4,10.4
30001,800014,2026-06-20 00:00:00,8,5.6
30056,801077,2026-04-22 00:00:00,3,6.26
30017,800380,2026-02-25 00:00:00,4,6.9
30004,800068,2026-06-02 00:00:00,7,9.88
30009,800196,2026-07-04 00:00:00,8,8.47
30006,800119,2025-12-09 00:00:00,4,11.11
30041,800906,2025-12-28 00:00:00,4,6.44
30018,800409,2026-02-23 00:00:00,3,16.69
30034,800810,2026-06-08 00:00:00,2,11.27
30022,800531,2026-07-20 00:00:00,6,17.48
30025,800597,2026-03-17 00:00:00,1,16.45
30041,800914,2026-04-30 00:00:00,6,12.1
30046,800971,2026-06-09 00:00:00,4,9.65
30008,800170,2026-03-13 00:00:00,3,7.22
30022,800529,2026-06-28 00:00:00,2,3.8
30018,800407,2026-02-16 00:00:00,6,15.92
30009,800202,2026-07-25 00:00:00,2,8.48
30012,800261,2026-05-02 00:00:00,8,12.54
30046,800974,2026-06-25 00:00:00,1,12.42
30048,800986,2026-01-03 00:00:00,2,4.02
30030,800710,2026-03-01 00:00:00,4,10.1
30001,800008,2026-05-23 00:00:00,3,13.32
30014,800304,2025-12-22 00:00:00,3,8.74
30007,800147,2026-06-09 00:00:00,7,15.71
30103,801398,2026-05-07 00:00:00,3,10.31
30106,801411,2025-11-05 00:00:00,2,9.7
30002,800029,2026-06-12 00:00:00,5,3.41
30055,801073,2026-06-23 00:00:00,5,3.12
30105,801409,2026-03-19 00:00:00,2,5.84
30037,800868,2026-06-27 00:00:00,5,7.62
30047,800976,2025-12-26 00:00:00,6,11.89
30015,800337,2026-07-02 00:00:00,6,15.75
30030,800710,2026-03-01 00:00:00,7,12.48
30046,800969,2026-04-21 00:00:00,1,3.42
30029,800697,2026-07-15 00:00:00,7,12.48
30063,801151,2026-05-31 00:00:00,2,9.74
30066,801189,2026-06-15 00:00:00,1,12.83
30098,801374,2025-11-08 00:00:00,3,2.31
30062,801138,2026-07-03 00:00:00,3,4.18
30019,800445,2026-02-15 00:00:00,5,6.22
30012,800249,2026-03-01 00:00:00,5,11.93
30022,800522,2026-06-12 00:00:00,7,6.36
30022,800521,2026-06-08 00:00:00,5,15.44
30095,801360,2026-03-26 00:00:00,4,10.65
30037,800860,2026-01-26 00:00:00,5,6.89
30005,800112,2026-07-06 00:00:00,4,11.27
30032,800743,2026-03-21 00:00:00,3,15.32
30041,800907,2025-12-29 00:00:00,2,3.54
30033,800792,2026-07-06 00:00:00,8,16.06
30070,801230,2026-01-14 00:00:00,5,3.03
30016,800356,2026-04-14 00:00:00,1,17.57
30031,800724,2025-11-09 00:00:00,8,13.32
30013,800302,2026-07-25 00:00:00,1,3.09
30029,800694,2026-07-06 00:00:00,2,11.63
30076,801265,2026-04-16 00:00:00,2,2.17
30006,800131,2026-05-06 00:00:00,6,4.26
30021,800495,2026-05-06 00:00:00,6,16.95
30029,800678,2026-05-02 00:00:00,6,5.73
30118,801428,2025-10-11 00:00:00,3,6.12
30019,800447,2026-03-29 00:00:00,7,9.99
30017,800396,2026-06-20 00:00:00,1,13.06
30053,801049,2026-03-21 00:00:00,5,13.18
30016,800356,2026-04-14 00:00:00,1,7.48
30034,800807,2026-05-23 00:00:00,4,11.36
30052,801031,2025-11-27 00:00:00,2,13.57
30044,800949,2026-03-28 00:00:00,5,10.11
30068,801213,2026-04-15 00:00:00,2,12.72
30083,801301,2026-06-09 00:00:00,4,10.91
30014,800316,2026-02-21 00:00:00,8,5.5
30046,800970,2026-05-03 00:00:00,3,11.21
30041,800905,2025-12-28 00:00:00,5,10.25
30069,801220,2026-04-03 00:00:00,4,7.26
30036,800854,2026-04-13 00:00:00,5,5.62
30003,800057,2026-07-10 00:00:00,7,16.63
30032,800762,2026-07-13 00:00:00,2,7.73
30006,800119,2025-12-09 00:00:00,8,17.79
30017,800385,2026-04-06 00:00:00,8,14.73
30008,800172,2026-04-04 00:00:00,6,9.65
30009,800204,2026-07-26 00:00:00,7,16.99
30006,800123,2026-01-21 00:00:00,2,14.66
30040,800901,2026-05-28 00:00:00,4,13.64
30042,800921,2026-02-12 00:00:00,1,6.45
30024,800569,2025-12-29 00:00:00,2,3.05
30104,801405,2026-04-14 00:00:00,3,11.88
30016,800366,2026-06-14 00:00:00,8,14.64
30016,800354,2026-03-30 00:00:00,6,11.4
30006,800134,2026-06-13 00:00:00,6,14.29
30029,800681,2026-05-09 00:00:00,2,12.08
30021,800492,2026-04-15 00:00:00,1,7.54
30119,801430,2025-11-30 00:00:00,2,2.51
30056,801083,2026-06-16 00:00:00,2,12.82
30018,800420,2026-04-26 00:00:00,8,6.67
30008,800172,2026-04-04 00:00:00,5,9.64
30005,800089,2026-05-11 00:00:00,6,17.54
30075,801260,2025-12-04 00:00:00,4,9.46
30024,800587,2026-05-26 00:00:00,2,13.93
30022,800516,2026-05-10 00:00:00,3,12.96
30030,800706,2025-12-09 00:00:00,2,9.16
30088,801324,2025-09-29 00:00:00,3,9.18
30087,801321,2026-04-13 00:00:00,2,5.34
30037,800862,2026-03-20 00:00:00,3,6.15
30043,800937,2026-05-15 00:00:00,5,3.37
30019,800449,2026-04-20 00:00:00,7,13.44
30063,801149,2026-04-08 00:00:00,6,11.96
30012,800250,2026-03-02 00:00:00,1,7.38
30027,800643,2026-03-15 00:00:00,2,14.36
30039,800886,2025-11-13 00:00:00,5,10.34
30011,800227,2026-03-03 00:00:00,3,5.11
30003,800054,2026-05-22 00:00:00,1,4.95
30004,800072,2026-06-13 00:00:00,8,15.61
30017,800394,2026-05-24 00:00:00,5,8.12
30025,800596,2026-02-18 00:00:00,7,14.79
30013,800297,2026-06-30 00:00:00,3,6.29
30047,800977,2026-04-14 00:00:00,5,5.17
30038,800872,2025-12-22 00:00:00,3,9.11
30043,800939,2026-06-04 00:00:00,4,6.01
30029,800691,2026-06-07 00:00:00,8,6.45
30045,800960,2026-04-05 00:00:00,5,11.52
30090,801339,2026-02-05 00:00:00,3,3.89
30009,800197,2026-07-09 00:00:00,2,15.58
30017,800375,2025-12-25 00:00:00,1,4.48
30049,801003,2026-04-30 00:00:00,3,8.57
30075,801259,2025-11-26 00:00:00,2,10.73
30090,801340,2026-04-17 00:00:00,1,2.27
30003,800050,2026-03-18 00:00:00,5,5.99
30010,800218,2026-06-13 00:00:00,1,8.5
30039,800893,2026-06-12 00:00:00,5,13.13
30029,800690,2026-06-02 00:00:00,5,8.06
30029,800698,2026-07-16 00:00:00,6,7.94
30026,800636,2026-07-19 00:00:00,8,5.47
30021,800488,2026-03-19 00:00:00,6,16.18
30099,801381,2026-06-12 00:00:00,4,11.66
30060,801125,2026-05-30 00:00:00,5,13.52
30025,800594,2025-12-06 00:00:00,3,14.72
30010,800222,2026-06-21 00:00:00,8,7.49
30018,800415,2026-03-19 00:00:00,1,7.6
30007,800150,2026-07-01 00:00:00,4,16.24
30026,800636,2026-07-19 00:00:00,2,14.16
30128,801443,2025-12-04 00:00:00,3,2.41
30023,800563,2026-05-27 00:00:00,6,17.72
30004,800073,2026-06-13 00:00:00,2,12.41
30013,800280,2026-04-14 00:00:00,7,10.5
30029,800687,2026-05-26 00:00:00,3,10.58
30049,801000,2026-04-16 00:00:00,6,8.4
30022,800521,2026-06-08 00:00:00,4,8.72
30027,800653,2026-07-20 00:00:00,2,14.58
30011,800226,2026-02-01 00:00:00,2,10.18
30052,801034,2026-02-15 00:00:00,1,3.79
30029,800671,2026-03-12 00:00:00,2,16.94
30023,800552,2026-03-11 00:00:00,6,15.72
30099,801378,2025-12-18 00:00:00,4,9.03
30004,800062,2026-05-24 00:00:00,1,5.51
30056,801079,2026-05-06 00:00:00,1,3.22
30050,801011,2025-09-24 00:00:00,2,14.01
30093,801352,2025-11-23 00:00:00,4,4.54
30076,801266,2026-05-01 00:00:00,3,4.07
30011,800247,2026-07-18 00:00:00,5,5.47
30101,801390,2026-04-27 00:00:00,1,3.64
30019,800448,2026-04-03 00:00:00,8,11.28
30029,800696,2026-07-10 00:00:00,5,6.07
30138,801457,2025-11-20 00:00:00,3,9.37
30043,800941,2026-06-22 00:00:00,6,12.18
30053,801053,2026-06-24 00:00:00,6,4.54
30016,800368,2026-06-17 00:00:00,6,16.95
30022,800504,2026-03-26 00:00:00,4,6.97
30090,801338,2026-02-02 00:00:00,3,11.46
30029,800677,2026-04-29 00:00:00,5,7.64
30030,800704,2025-11-17 00:00:00,6,9.5
30029,800701,2026-08-01 00:00:00,7,9.86
30050,801011,2025-09-24 00:00:00,3,10.88
30060,801120,2026-04-30 00:00:00,6,7.91
30046,800967,2025-11-29 00:00:00,2,6.82
30020,800476,2026-03-07 00:00:00,8,10.91
30020,800480,2026-04-14 00:00:00,3,14.33
30037,800866,2026-06-06 00:00:00,1,14.26
30081,801289,2026-02-27 00:00:00,2,11.76
30074,801254,2025-11-21 00:00:00,1,2.79
30004,800077,2026-06-25 00:00:00,7,5.49
30047,800978,2026-04-20 00:00:00,3,3.62
30014,800310,2026-01-10 00:00:00,1,7.95
30014,800328,2026-07-17 00:00:00,4,6.79
30045,800962,2026-04-11 00:00:00,5,9.57
30029,800693,2026-07-04 00:00:00,7,6.19
30035,800842,2026-06-30 00:00:00,8,4.92
30104,801403,2026-01-27 00:00:00,4,10.68
30032,800748,2026-04-17 00:00:00,7,10.24
30036,800854,2026-04-13 00:00:00,6,13.54
30020,800478,2026-03-26 00:00:00,8,8.01
30007,800149,2026-06-23 00:00:00,8,4.16
30018,800425,2026-06-11 00:00:00,7,10.85
30068,801208,2025-12-11 00:00:00,4,8.5
30032,800765,2026-07-25 00:00:00,5,11.2
30029,800678,2026-05-02 00:00:00,7,9.89
30075,801262,2026-05-11 00:00:00,1,6.88
30052,801039,2026-05-17 00:00:00,5,12.76
30017,800383,2026-03-21 00:00:00,6,15.61
30068,801217,2026-07-22 00:00:00,1,12.74
30053,801046,2026-01-30 00:00:00,4,11.9
30048,800988,2026-01-20 00:00:00,4,7.1
30050,801016,2026-03-11 00:00:00,1,3.59
30057,801087,2026-04-25 00:00:00,5,6.71
30003,800051,2026-04-24 00:00:00,1,4.35
30017,800378,2026-01-31 00:00:00,6,17.94
30041,800917,2026-06-04 00:00:00,4,10.42
30004,800074,2026-06-16 00:00:00,8,4.78
30026,800631,2026-06-13 00:00:00,2,12.62
30032,800741,2026-03-19 00:00:00,6,14.28
30005,800105,2026-06-22 00:00:00,7,3.76
30098,801375,2025-11-10 00:00:00,3,5.0
30042,800920,2026-02-09 00:00:00,4,7.39
30013,800297,2026-06-30 00:00:00,4,10.38
30007,800141,2026-02-02 00:00:00,5,6.33
30048,800987,2026-01-06 00:00:00,6,5.16
30070,801227,2025-12-20 00:00:00,4,8.37
30048,800993,2026-04-16 00:00:00,2,7.92
30026,800631,2026-06-13 00:00:00,2,7.85
30016,800358,2026-04-17 00:00:00,5,9.45
30026,800637,2026-07-23 00:00:00,4,13.98
30032,800765,2026-07-25 00:00:00,1,6.38
30035,800830,2026-05-12 00:00:00,7,3.95
30057,801093,2026-06-23 00:00:00,6,10.1
30032,800738,2026-03-02 00:00:00,1,15.32
30005,800102,2026-06-12 00:00:00,3,14.38
30028,800659,2025-12-10 00:00:00,2,16.48
30070,801229,2026-01-05 00:00:00,3,3.84
30045,800961,2026-04-10 00:00:00,4,9.02
30015,800345,2026-07-17 00:00:00,8,4.9
30022,800525,2026-06-23 00:00:00,6,16.44
30005,800113,2026-07-08 00:00:00,1,16.64
30029,800687,2026-05-26 00:00:00,4,13.22
30108,801413,2025-12-26 00:00:00,2,5.99
30078,801277,2025-12-21 00:00:00,1,7.33
30088,801327,2026-04-04 00:00:00,1,8.99
30054,801054,2026-02-20 00:00:00,4,3.21
30028,800663,2026-03-13 00:00:00,2,3.66
30016,800356,2026-04-14 00:00:00,7,3.57
30041,800912,2026-04-01 00:00:00,4,4.74
30014,800306,2025-12-28 00:00:00,3,9.42
30050,801019,2026-06-04 00:00:00,6,14.11
30007,800147,2026-06-09 00:00:00,1,13.46
30006,800129,2026-04-15 00:00:00,7,3.49
30004,800079,2026-06-29 00:00:00,8,12.7
30021,800497,2026-06-02 00:00:00,5,8.22
30013,800279,2026-04-07 00:00:00,3,14.22
30005,800099,2026-06-08 00:00:00,4,6.61
30030,800716,2026-06-01 00:00:00,1,15.15
30007,800142,2026-04-08 00:00:00,8,16.29
30028,800662,2026-02-25 00:00:00,4,9.37
30060,801125,2026-05-30 00:00:00,4,6.4
30012,800260,2026-04-19 00:00:00,4,15.25
30020,800459,2025-10-06 00:00:00,2,11.12
30020,800464,2025-11-04 00:00:00,2,5.68
30095,801362,2026-04-29 00:00:00,1,3.19
30004,800079,2026-06-29 00:00:00,2,4.75
30022,800514,2026-04-22 00:00:00,3,8.35
30035,800833,2026-06-01 00:00:00,1,8.48
30032,800739,2026-03-08 00:00:00,5,6.45
30038,800879,2026-05-26 00:00:00,3,5.85
30022,800509,2026-04-08 00:00:00,1,3.99
30006,800121,2025-12-22 00:00:00,1,5.89
30021,800496,2026-05-17 00:00:00,2,16.59
30094,801358,2026-05-19 00:00:00,3,4.9
30068,801217,2026-07-22 00:00:00,1,7.22
30075,801261,2026-01-20 00:00:00,3,2.0
30031,800727,2025-11-29 00:00:00,6,8.21
30047,800975,2025-12-13 00:00:00,5,12.93
30008,800170,2026-03-13 00:00:00,5,11.98
30021,800489,2026-03-20 00:00:00,8,5.13
30010,800218,2026-06-13 00:00:00,3,9.41
30122,801433,2025-10-03 00:00:00,1,8.62
30020,800478,2026-03-26 00:00:00,4,5.54
30056,801079,2026-05-06 00:00:00,5,4.38
30075,801260,2025-12-04 00:00:00,4,6.28
30026,800628,2026-05-06 00:00:00,2,9.81
30015,800330,2026-06-20 00:00:00,4,5.35
30032,800757,2026-06-13 00:00:00,2,11.23
30051,801025,2026-03-19 00:00:00,2,9.87
30076,801264,2025-11-03 00:00:00,4,2.29
30013,800288,2026-05-17 00:00:00,8,15.86
30022,800519,2026-06-07 00:00:00,4,17.47
30004,800061,2026-05-21 00:00:00,4,9.67
30001,800003,2026-03-17 00:00:00,6,13.52
30005,800091,2026-05-15 00:00:00,7,13.12
30023,800545,2026-01-11 00:00:00,6,6.42
30090,801336,2025-09-18 00:00:00,3,5.53
30085,801308,2025-11-25 00:00:00,2,5.23
30023,800546,2026-01-20 00:00:00,3,3.22
30031,800732,2026-05-08 00:00:00,2,9.27
30035,800822,2026-04-19 00:00:00,1,7.07
30020,800463,2025-11-01 00:00:00,7,15.18
30124,801436,2025-12-18 00:00:00,1,3.63
30016,800355,2026-04-04 00:00:00,1,17.47
30035,800846,2026-07-26 00:00:00,3,13.15
30067,801201,2026-06-25 00:00:00,4,14.88
30020,800486,2026-07-17 00:00:00,1,11.56
30132,801448,2025-10-07 00:00:00,2,7.87
30018,800410,2026-02-23 00:00:00,6,16.26
30114,801420,2025-07-12 00:00:00,2,5.88
30035,800832,2026-05-28 00:00:00,1,8.49
30018,800420,2026-04-26 00:00:00,7,11.48
30021,800499,2026-06-18 00:00:00,2,3.66
30066,801196,2026-07-17 00:00:00,3,9.92
30034,800811,2026-06-11 00:00:00,7,8.16
30112,801418,2026-03-03 00:00:00,2,6.47
30044,800942,2025-10-27 00:00:00,4,5.64
30008,800180,2026-06-11 00:00:00,8,6.27
30038,800875,2026-01-26 00:00:00,3,10.77
30083,801299,2026-05-30 00:00:00,4,10.89
30051,801024,2026-03-08 00:00:00,3,13.59
30009,800189,2026-06-18 00:00:00,5,3.44
30023,800549,2026-03-01 00:00:00,1,17.81
30105,801410,2026-05-17 00:00:00,1,6.78
30099,801378,2025-12-18 00:00:00,2,11.92
30068,801210,2026-01-12 00:00:00,2,12.73
30028,800658,2025-11-10 00:00:00,8,5.35
30012,800257,2026-04-08 00:00:00,1,9.78
30023,800553,2026-03-15 00:00:00,3,4.64
30019,800437,2025-12-26 00:00:00,6,8.08
30022,800511,2026-04-10 00:00:00,1,10.34
30038,800872,2025-12-22 00:00:00,2,9.9
30038,800881,2026-06-03 00:00:00,2,13.09
30038,800873,2025-12-24 00:00:00,5,5.6
30032,800745,2026-04-01 00:00:00,1,16.04
30036,800858,2026-06-21 00:00:00,4,10.38
30014,800328,2026-07-17 00:00:00,7,8.27
30040,800898,2026-03-12 00:00:00,5,7.89
30028,800662,2026-02-25 00:00:00,2,9.4
30103,801399,2026-06-07 00:00:00,2,9.52
30002,800037,2026-07-28 00:00:00,8,17.74
30009,800203,2026-07-25 00:00:00,1,12.29
30034,800811,2026-06-11 00:00:00,7,12.67
30022,800520,2026-06-07 00:00:00,8,7.91
30031,800737,2026-07-18 00:00:00,4,5.61
30059,801109,2026-03-04 00:00:00,5,3.3
30053,801042,2025-10-13 00:00:00,5,7.87
30118,801427,2025-09-14 00:00:00,3,7.49
30098,801376,2026-04-23 00:00:00,3,7.08
30035,800825,2026-04-25 00:00:00,1,11.29
30035,800836,2026-06-07 00:00:00,7,11.87
30032,800748,2026-04-17 00:00:00,3,4.01
30012,800272,2026-07-06 00:00:00,2,5.21
30001,800015,2026-06-22 00:00:00,2,6.31
30005,800109,2026-06-29 00:00:00,8,12.03
30042,800928,2026-05-12 00:00:00,4,7.79
30045,800959,2026-03-25 00:00:00,3,9.01
30018,800427,2026-07-04 00:00:00,6,14.28
30090,801337,2025-10-02 00:00:00,2,7.73
30018,800418,2026-04-11 00:00:00,8,3.76
30014,800309,2026-01-06 00:00:00,7,9.87
30114,801421,2025-10-06 00:00:00,1,9.77
30015,800345,2026-07-17 00:00:00,5,7.42
30014,800309,2026-01-06 00:00:00,7,6.82
30014,800324,2026-04-24 00:00:00,5,3.84
30097,801371,2026-02-25 00:00:00,1,7.12
30094,801355,2026-05-05 00:00:00,1,6.43
30104,801404,2026-03-13 00:00:00,3,11.25
30026,800620,2026-02-17 00:00:00,4,5.47
30006,800132,2026-05-30 00:00:00,1,11.1
30062,801138,2026-07-03 00:00:00,5,13.56
30068,801211,2026-02-15 00:00:00,5,5.54
30016,800353,2026-03-24 00:00:00,8,13.85
30013,800286,2026-05-09 00:00:00,3,6.34
30104,801403,2026-01-27 00:00:00,3,5.56
30023,800559,2026-05-09 00:00:00,1,14.23
30045,800957,2026-02-23 00:00:00,4,5.31
30042,800925,2026-04-15 00:00:00,6,3.74
30103,801397,2026-02-25 00:00:00,4,11.9
30127,801441,2025-12-17 00:00:00,2,5.38
30042,800923,2026-03-24 00:00:00,3,7.98
30033,800777,2026-05-08 00:00:00,4,13.21
30031,800730,2026-03-18 00:00:00,6,4.49
30023,800544,2025-12-23 00:00:00,7,14.3
30074,801252,2025-08-17 00:00:00,2,2.92
30118,801428,2025-10-11 00:00:00,1,5.25
30037,800861,2026-03-11 00:00:00,3,8.74
30021,800493,2026-04-21 00:00:00,7,16.71
30011,800233,2026-04-12 00:00:00,7,3.08
30065,801183,2026-05-28 00:00:00,1,11.58
30043,800941,2026-06-22 00:00:00,2,5.3
30035,800828,2026-05-08 00:00:00,8,15.06
30011,800240,2026-06-06 00:00:00,1,9.61
30001,800012,2026-06-13 00:00:00,8,5.73
30013,800298,2026-07-04 00:00:00,3,8.19
30014,800329,2026-07-23 00:00:00,7,4.33
30007,800141,2026-02-02 00:00:00,5,7.46
30110,801415,2026-03-04 00:00:00,1,8.5
30004,800081,2026-07-01 00:00:00,2,9.42
30038,800875,2026-01-26 00:00:00,5,10.68
30104,801400,2025-10-26 00:00:00,4,9.12
30133,801450,2025-08-31 00:00:00,1,5.89
30031,800727,2025-11-29 00:00:00,3,5.41
30042,800931,2026-06-06 00:00:00,1,10.44
30111,801417,2026-01-07 00:00:00,1,5.46
30022,800529,2026-06-28 00:00:00,6,5.85
30030,800703,2025-10-30 00:00:00,8,16.1
30006,800128,2026-04-08 00:00:00,7,16.18
30024,800576,2026-03-12 00:00:00,4,5.01
30015,800338,2026-07-03 00:00:00,7,8.33
30038,800876,2026-03-08 00:00:00,1,14.32
30009,800197,2026-07-09 00:00:00,2,11.12
30033,800770,2026-04-16 00:00:00,6,10.88
30048,800989,2026-02-28 00:00:00,5,14.16
30070,801228,2025-12-22 00:00:00,1,10.81
30026,800638,2026-07-26 00:00:00,6,9.26
30027,800641,2026-02-28 00:00:00,5,10.3
30001,800010,2026-05-24 00:00:00,1,4.34
30031,800725,2025-11-19 00:00:00,1,13.73
30008,800179,2026-05-22 00:00:00,7,11.05
30032,800741,2026-03-19 00:00:00,8,14.03
30003,800056,2026-07-03 00:00:00,5,9.5
30008,800160,2025-11-10 00:00:00,4,16.93
30019,800441,2026-01-25 00:00:00,4,16.66
30013,800296,2026-06-27 00:00:00,2,12.01
30018,800417,2026-04-02 00:00:00,3,16.84
30005,800088,2026-05-11 00:00:00,1,12.65
30041,800911,2026-03-03 00:00:00,2,8.74
30080,801283,2025-12-05 00:00:00,3,2.38
30030,800705,2025-11-25 00:00:00,4,14.23
30074,801253,2025-10-01 00:00:00,4,11.7
30009,800190,2026-06-22 00:00:00,6,6.84
30032,800749,2026-04-29 00:00:00,4,10.49
30060,801121,2026-05-08 00:00:00,1,9.17
30030,800715,2026-06-01 00:00:00,5,17.67
30022,800509,2026-04-08 00:00:00,5,4.26
30115,801423,2025-12-25 00:00:00,2,8.06
30023,800551,2026-03-05 00:00:00,7,17.34
30020,800477,2026-03-25 00:00:00,8,5.34
30016,800352,2026-03-23 00:00:00,1,3.21
30033,800794,2026-07-27 00:00:00,1,10.11
30030,800718,2026-06-16 00:00:00,1,10.37
30014,800323,2026-04-24 00:00:00,8,8.6
30017,800393,2026-05-19 00:00:00,5,3.99
30019,800444,2026-02-11 00:00:00,7,6.38
30089,801334,2026-05-24 00:00:00,3,2.83
30077,801272,2026-02-15 00:00:00,2,6.14
30017,800391,2026-05-02 00:00:00,7,15.7
30116,801425,2025-11-17 00:00:00,3,3.67
30011,800230,2026-03-27 00:00:00,7,10.91
30031,800736,2026-06-27 00:00:00,2,17.51
30013,800278,2026-04-06 00:00:00,3,4.8
30012,800252,2026-03-05 00:00:00,5,5.8
30097,801370,2025-12-22 00:00:00,1,11.65
30032,800750,2026-04-30 00:00:00,1,16.63
30063,801147,2026-04-03 00:00:00,3,13.13
30004,800077,2026-06-25 00:00:00,2,4.51
30025,800597,2026-03-17 00:00:00,1,4.73
30030,800719,2026-07-16 00:00:00,1,5.65
30030,800714,2026-05-25 00:00:00,7,13.81
30022,800522,2026-06-12 00:00:00,3,10.51
30022,800529,2026-06-28 00:00:00,2,4.24
30023,800561,2026-05-20 00:00:00,6,12.28
30101,801390,2026-04-27 00:00:00,1,3.22
30092,801346,2026-01-04 00:00:00,1,11.75
30049,800999,2026-04-13 00:00:00,6,3.23
30022,800530,2026-07-05 00:00:00,4,15.07
30085,801312,2026-04-03 00:00:00,4,3.22
30004,800078,2026-06-29 00:00:00,8,11.41
30104,801404,2026-03-13 00:00:00,1,2.11
30029,800700,2026-07-23 00:00:00,7,16.33
30061,801134,2026-07-14 00:00:00,5,4.46
30046,800971,2026-06-09 00:00:00,2,4.03
30043,800936,2026-04-13 00:00:00,2,13.18
30024,800583,2026-05-10 00:00:00,8,5.68
30005,800090,2026-05-13 00:00:00,5,7.62
30026,800614,2026-01-08 00:00:00,6,3.76
30038,800874,2026-01-23 00:00:00,4,3.51
30015,800333,2026-06-22 00:00:00,5,16.48
30002,800030,2026-06-17 00:00:00,4,17.06
30078,801274,2025-11-25 00:00:00,1,8.31
30074,801252,2025-08-17 00:00:00,3,6.74
30098,801375,2025-11-10 00:00:00,3,6.85
30030,800713,2026-04-17 00:00:00,7,16.06
30060,801116,2026-03-03 00:00:00,4,13.85
30019,800453,2026-06-04 00:00:00,7,13.6
30038,800875,2026-01-26 00:00:00,1,14.79
30036,800858,2026-06-21 00:00:00,6,12.31
30006,800127,2026-03-30 00:00:00,7,5.82
30080,801285,2026-02-19 00:00:00,1,7.1
30007,800146,2026-05-27 00:00:00,2,15.08
30044,800942,2025-10-27 00:00:00,4,14.64
30036,800850,2025-12-25 00:00:00,3,12.44
30021,800492,2026-04-15 00:00:00,1,9.91
30024,800582,2026-05-04 00:00:00,7,11.5
30016,800351,2026-03-14 00:00:00,8,5.02
30070,801235,2026-03-09 00:00:00,1,9.5
30066,801196,2026-07-17 00:00:00,1,5.0
30007,800143,2026-04-10 00:00:00,5,11.54
30052,801035,2026-02-26 00:00:00,5,14.72
30030,800710,2026-03-01 00:00:00,4,13.49
30052,801041,2026-06-28 00:00:00,4,5.51
30004,800083,2026-07-14 00:00:00,5,10.18
30014,800304,2025-12-22 00:00:00,5,10.72
30023,800548,2026-02-07 00:00:00,7,9.72
30045,800956,2026-02-01 00:00:00,1,6.7
30129,801444,2026-01-11 00:00:00,2,4.04
30033,800770,2026-04-16 00:00:00,8,8.7
30064,801157,2026-03-12 00:00:00,2,11.37
30047,800975,2025-12-13 00:00:00,1,12.2
30042,800932,2026-06-12 00:00:00,2,3.83
30044,800945,2026-02-14 00:00:00,5,11.99
30035,800835,2026-06-03 00:00:00,3,9.3
30003,800049,2026-03-10 00:00:00,7,16.86
30018,800414,2026-03-11 00:00:00,5,14.74
30019,800454,2026-06-29 00:00:00,5,12.35
30036,800853,2026-04-12 00:00:00,1,12.24
30049,801002,2026-04-27 00:00:00,6,3.45
30063,801148,2026-04-06 00:00:00,2,11.2
30005,800112,2026-07-06 00:00:00,2,16.9
30011,800226,2026-02-01 00:00:00,5,15.39
30053,801045,2025-11-24 00:00:00,2,4.18
30055,801064,2026-03-04 00:00:00,5,13.79
30065,801181,2026-05-12 00:00:00,6,10.92
30019,800456,2026-07-05 00:00:00,4,13.16
30083,801302,2026-06-10 00:00:00,1,11.72
30025,800604,2026-06-28 00:00:00,3,7.95
30044,800950,2026-04-13 00:00:00,2,11.04
30008,800173,2026-04-06 00:00:00,7,10.29
30034,800813,2026-06-21 00:00:00,1,16.01
30042,800922,2026-02-27 00:00:00,4,10.1
30040,800901,2026-05-28 00:00:00,4,8.27
30017,800388,2026-04-09 00:00:00,2,3.79
30020,800459,2025-10-06 00:00:00,3,9.11
30057,801094,2026-06-25 00:00:00,1,9.69
30111,801416,2025-10-14 00:00:00,2,4.66
30032,800756,2026-06-08 00:00:00,7,5.31
30018,800411,2026-02-24 00:00:00,2,10.72
30058,801106,2026-07-09 00:00:00,6,14.28
30019,800442,2026-01-26 00:00:00,3,6.13
30022,800517,2026-05-13 00:00:00,6,15.14
30102,801394,2026-05-10 00:00:00,4,8.34
30012,800253,2026-03-20 00:00:00,8,11.39
30014,800320,2026-04-15 00:00:00,1,10.34
30033,800790,2026-06-19 00:00:00,4,12.81
30015,800347,2026-07-23 00:00:00,6,6.6
30006,800134,2026-06-13 00:00:00,7,11.52
30100,801383,2025-12-24 00:00:00,2,5.51
30031,800722,2025-10-05 00:00:00,8,5.57
30038,800871,2025-12-22 00:00:00,1,7.51
30080,801282,2025-11-07 00:00:00,4,10.54
30026,800613,2026-01-04 00:00:00,8,14.4
30061,801130,2025-12-09 00:00:00,6,6.17
30104,801402,2026-01-17 00:00:00,2,2.09
30071,801242,2026-03-21 00:00:00,4,7.87
30084,801305,2026-03-09 00:00:00,4,5.01
30048,800983,2025-12-25 00:00:00,2,9.61
30034,800804,2026-04-29 00:00:00,6,12.97
30038,800874,2026-01-23 00:00:00,1,5.48
30044,800947,2026-03-08 00:00:00,4,13.34
30035,800826,2026-04-30 00:00:00,7,15.14
30036,800856,2026-05-18 00:00:00,1,14.7
30005,800111,2026-07-03 00:00:00,7,14.29
30062,801137,2026-06-19 00:00:00,1,10.14
30140,801461,2025-11-15 00:00:00,2,6.84
30019,800456,2026-07-05 00:00:00,6,10.15
30041,800908,2026-01-17 00:00:00,3,9.97
30020,800479,2026-03-30 00:00:00,3,17.45
30053,801052,2026-05-30 00:00:00,3,5.26
30119,801429,2025-11-11 00:00:00,3,8.9
30032,800739,2026-03-08 00:00:00,6,10.25
30025,800605,2026-06-30 00:00:00,4,13.65
30017,800378,2026-01-31 00:00:00,2,8.12
30035,800843,2026-07-02 00:00:00,3,15.6
30072,801247,2026-04-15 00:00:00,4,8.55
30090,801338,2026-02-02 00:00:00,1,3.7
30020,800468,2025-12-04 00:00:00,3,14.35
30021,800487,2026-02-21 00:00:00,7,4.21
30023,800567,2026-06-27 00:00:00,2,16.33
30020,800483,2026-05-26 00:00:00,1,16.43
30009,800204,2026-07-26 00:00:00,1,9.38
30003,800047,2026-02-27 00:00:00,3,6.41
30077,801271,2025-11-27 00:00:00,1,8.31
30070,801237,2026-05-28 00:00:00,2,6.12
30037,800867,2026-06-23 00:00:00,2,6.25
30028,800666,2026-06-02 00:00:00,7,3.76
30070,801227,2025-12-20 00:00:00,1,3.37
30039,800887,2025-11-25 00:00:00,5,5.86
30069,801219,2026-04-02 00:00:00,1,11.27
30024,800590,2026-07-15 00:00:00,5,6.86
30011,800229,2026-03-26 00:00:00,4,13.53
30091,801341,2026-02-13 00:00:00,3,2.99
30022,800519,2026-06-07 00:00:00,3,10.24
30026,800611,2025-12-14 00:00:00,4,16.71
30037,800868,2026-06-27 00:00:00,4,4.33
30045,800960,2026-04-05 00:00:00,2,9.52
30033,800773,2026-04-19 00:00:00,1,15.59
30021,800501,2026-07-23 00:00:00,8,9.93
30091,801342,2026-04-11 00:00:00,3,3.57
30008,800160,2025-11-10 00:00:00,8,15.86
30041,800913,2026-04-22 00:00:00,1,5.43
30005,800087,2026-05-11 00:00:00,6,9.98
30032,800742,2026-03-20 00:00:00,5,14.91
30004,800084,2026-07-20 00:00:00,4,6.02
30034,800812,2026-06-19 00:00:00,7,15.11
30100,801382,2025-08-24 00:00:00,2,7.74
30031,800731,2026-03-24 00:00:00,4,16.85
30090,801335,2025-09-17 00:00:00,1,5.04
30029,800675,2026-04-13 00:00:00,2,12.79
30050,801016,2026-03-11 00:00:00,3,13.21
30017,800390,2026-05-01 00:00:00,7,12.7
30035,800823,2026-04-21 00:00:00,4,7.65
30042,800924,2026-04-10 00:00:00,3,7.88
30009,800191,2026-06-25 00:00:00,7,15.24
30069,801225,2026-06-15 00:00:00,1,3.84
30003,800054,2026-05-22 00:00:00,3,5.84
30107,801412,2026-01-23 00:00:00,2,8.42
30022,800524,2026-06-22 00:00:00,4,10.0
30061,801128,2025-11-22 00:00:00,4,6.91
30066,801187,2026-05-25 00:00:00,6,14.32
30010,800205,2026-02-28 00:00:00,6,13.06
30077,801268,2025-09-18 00:00:00,4,7.88
30067,801202,2026-06-27 00:00:00,2,12.83
30016,800352,2026-03-23 00:00:00,6,17.27
30127,801441,2025-12-17 00:00:00,1,8.65
30015,800332,2026-06-22 00:00:00,1,7.38
30067,801202,2026-06-27 00:00:00,1,3.82
30094,801359,2026-06-11 00:00:00,4,8.58
30026,800628,2026-05-06 00:00:00,8,15.87
30026,800615,2026-01-11 00:00:00,5,9.45
30105,801408,2026-02-22 00:00:00,2,9.59
30018,800412,2026-02-25 00:00:00,4,6.82
30010,800206,2026-03-06 00:00:00,4,3.8
30033,800776,2026-04-30 00:00:00,5,9.18
30029,800696,2026-07-10 00:00:00,2,8.66
30014,800317,2026-03-04 00:00:00,8,17.98
30030,800709,2026-02-25 00:00:00,8,7.2
30033,800767,2026-03-21 00:00:00,4,12.23
30074,801255,2026-03-10 00:00:00,1,3.37
30038,800884,2026-06-24 00:00:00,3,14.15
30026,800629,2026-05-15 00:00:00,1,11.69
30006,800132,2026-05-30 00:00:00,1,11.76
30022,800527,2026-06-27 00:00:00,5,12.44
30060,801121,2026-05-08 00:00:00,2,14.37
30005,800089,2026-05-11 00:00:00,7,9.16
30001,800011,2026-06-10 00:00:00,5,12.49
30001,800016,2026-06-26 00:00:00,1,11.1
30028,800659,2025-12-10 00:00:00,7,11.81
30014,800324,2026-04-24 00:00:00,8,12.98
30069,801218,2026-03-27 00:00:00,6,6.3
30071,801241,2025-11-27 00:00:00,4,7.99
30105,801409,2026-03-19 00:00:00,4,10.87
30080,801285,2026-02-19 00:00:00,3,2.26
30097,801372,2026-04-08 00:00:00,3,10.55
30044,800948,2026-03-24 00:00:00,5,6.76
30041,800919,2026-06-28 00:00:00,4,10.26
30068,801212,2026-03-29 00:00:00,5,13.81
30101,801388,2026-04-18 00:00:00,2,7.27
30021,800496,2026-05-17 00:00:00,8,16.06
30044,800952,2026-06-09 00:00:00,2,11.84
30025,800600,2026-04-04 00:00:00,8,9.15
30021,800488,2026-03-19 00:00:00,2,4.29
30034,800809,2026-06-04 00:00:00,5,12.66
30082,801295,2026-05-10 00:00:00,2,10.49
30032,800750,2026-04-30 00:00:00,1,10.14
30026,800622,2026-03-15 00:00:00,5,15.36
30140,801460,2025-06-20 00:00:00,3,5.44
30126,801439,2026-01-07 00:00:00,3,7.03
30038,800870,2025-11-21 00:00:00,4,8.28
30046,800967,2025-11-29 00:00:00,5,12.73
30067,801207,2026-07-20 00:00:00,4,5.78
30037,800869,2026-07-01 00:00:00,2,13.71
30014,800314,2026-02-07 00:00:00,3,3.62
30067,801201,2026-06-25 00:00:00,3,8.92
30017,800383,2026-03-21 00:00:00,5,16.64
30008,800173,2026-04-06 00:00:00,2,16.54
30028,800666,2026-06-02 00:00:00,5,9.64
30026,800637,2026-07-23 00:00:00,4,17.19
30033,800772,2026-04-18 00:00:00,4,6.61
30028,800669,2026-07-13 00:00:00,5,5.58
30029,800676,2026-04-15 00:00:00,2,8.15
30048,800995,2026-06-03 00:00:00,5,6.46
30048,800990,2026-03-10 00:00:00,4,14.02
30007,800141,2026-02-02 00:00:00,8,13.5
30068,801215,2026-06-16 00:00:00,5,4.9
30022,800512,2026-04-15 00:00:00,8,4.8
30024,800588,2026-05-29 00:00:00,4,13.46
30059,801110,2026-03-09 00:00:00,4,4.44
30060,801121,2026-05-08 00:00:00,2,4.36
30121,801432,2025-12-24 00:00:00,2,4.19
30049,801008,2026-07-16 00:00:00,4,3.63
30035,800835,2026-06-03 00:00:00,3,6.22
30008,800162,2025-12-24 00:00:00,7,10.6
30016,800369,2026-06-24 00:00:00,5,4.03
30008,800171,2026-03-26 00:00:00,6,10.05
30064,801160,2026-04-03 00:00:00,6,10.47
30012,800250,2026-03-02 00:00:00,8,10.88
30038,800884,2026-06-24 00:00:00,2,11.35
30085,801309,2026-01-03 00:00:00,4,10.04
30049,801002,2026-04-27 00:00:00,2,3.35
30099,801379,2026-02-22 00:00:00,3,9.96
30011,800235,2026-05-08 00:00:00,1,6.14
30087,801319,2026-03-19 00:00:00,3,11.78
30033,800771,2026-04-17 00:00:00,7,10.1
30005,800090,2026-05-13 00:00:00,6,10.23
30008,800173,2026-04-06 00:00:00,7,13.17
30031,800729,2026-03-08 00:00:00,6,14.57
30140,801460,2025-06-20 00:00:00,1,4.15
30120,801431,2026-03-07 00:00:00,3,6.31
30032,800746,2026-04-05 00:00:00,7,9.92
30123,801435,2025-11-18 00:00:00,3,6.64
30033,800784,2026-06-03 00:00:00,4,17.23
30038,800880,2026-06-01 00:00:00,1,13.65
30018,800414,2026-03-11 00:00:00,7,14.1
30008,800177,2026-05-05 00:00:00,2,17.14
30033,800780,2026-05-20 00:00:00,3,4.49
30019,800450,2026-05-11 00:00:00,1,15.92
30029,800688,2026-05-29 00:00:00,3,15.47
30053,801045,2025-11-24 00:00:00,2,8.53
30002,800037,2026-07-28 00:00:00,7,6.11
30056,801074,2026-01-23 00:00:00,6,10.72
30024,800582,2026-05-04 00:00:00,2,11.99
30027,800640,2026-02-20 00:00:00,8,6.63
30069,801223,2026-04-20 00:00:00,3,8.13
30065,801181,2026-05-12 00:00:00,1,6.6
30046,800973,2026-06-19 00:00:00,1,6.87
30003,800048,2026-03-06 00:00:00,4,14.4
30001,800006,2026-04-19 00:00:00,4,17.06
30031,800730,2026-03-18 00:00:00,5,17.92
30020,800468,2025-12-04 00:00:00,7,17.66
30073,801249,2026-01-22 00:00:00,4,8.03
30035,800827,2026-05-02 00:00:00,7,5.02
30048,800994,2026-05-03 00:00:00,1,8.39
30097,801368,2025-10-02 00:00:00,3,4.74
30019,800453,2026-06-04 00:00:00,5,4.53
30082,801295,2026-05-10 00:00:00,1,6.25
30025,800607,2026-07-14 00:00:00,5,17.44
30044,800946,2026-02-20 00:00:00,5,12.77
30035,800831,2026-05-17 00:00:00,2,16.5
30018,800427,2026-07-04 00:00:00,4,3.48
30090,801338,2026-02-02 00:00:00,1,11.84
30032,800744,2026-03-30 00:00:00,2,7.36
30007,800149,2026-06-23 00:00:00,2,6.51
30016,800360,2026-04-29 00:00:00,4,9.73
30036,800856,2026-05-18 00:00:00,2,3.42
30132,801449,2026-02-18 00:00:00,3,8.28
30068,801211,2026-02-15 00:00:00,2,9.06
30094,801357,2026-05-16 00:00:00,2,10.1
30035,800821,2026-04-19 00:00:00,1,18.0
30009,800194,2026-06-30 00:00:00,6,15.64
30011,800237,2026-05-16 00:00:00,6,10.47
30088,801327,2026-04-04 00:00:00,2,8.63
30050,801018,2026-06-01 00:00:00,1,4.11
30008,800163,2026-01-07 00:00:00,8,13.87
30048,800992,2026-03-28 00:00:00,4,13.99
30019,800442,2026-01-26 00:00:00,5,12.43
30023,800557,2026-04-07 00:00:00,7,8.54
30022,800524,2026-06-22 00:00:00,5,11.4
30011,800236,2026-05-11 00:00:00,4,7.26
30032,800765,2026-07-25 00:00:00,4,8.28
30073,801249,2026-01-22 00:00:00,1,5.07
30022,800524,2026-06-22 00:00:00,2,4.38
30029,800678,2026-05-02 00:00:00,6,7.42
30008,800165,2026-02-01 00:00:00,8,6.02
30020,800484,2026-06-06 00:00:00,4,13.86
30060,801123,2026-05-20 00:00:00,4,8.72
30033,800783,2026-06-02 00:00:00,6,11.08
30018,800411,2026-02-24 00:00:00,2,17.74
30013,800282,2026-04-24 00:00:00,5,15.04
30003,800043,2026-01-16 00:00:00,1,11.43
30045,800959,2026-03-25 00:00:00,4,10.23
30022,800531,2026-07-20 00:00:00,1,17.6
30052,801034,2026-02-15 00:00:00,3,13.55
30035,800828,2026-05-08 00:00:00,7,11.33
30005,800099,2026-06-08 00:00:00,5,8.48
30039,800890,2026-01-26 00:00:00,4,6.11
30056,801083,2026-06-16 00:00:00,4,11.48
30032,800766,2026-07-31 00:00:00,2,15.97
30031,800735,2026-05-28 00:00:00,7,9.02
30049,801001,2026-04-27 00:00:00,4,11.11
30063,801145,2026-03-12 00:00:00,5,6.6
30029,800672,2026-03-23 00:00:00,4,8.18
30078,801278,2026-04-04 00:00:00,3,4.93
30085,801312,2026-04-03 00:00:00,3,9.36
30018,800423,2026-05-16 00:00:00,7,5.13
30054,801059,2026-06-16 00:00:00,3,10.63
30055,801070,2026-04-30 00:00:00,6,11.79
30057,801088,2026-04-28 00:00:00,5,4.48
30016,800365,2026-06-11 00:00:00,5,6.59
30008,800169,2026-03-11 00:00:00,1,7.6
30080,801283,2025-12-05 00:00:00,2,10.95
30008,800167,2026-02-23 00:00:00,3,16.6
30057,801093,2026-06-23 00:00:00,4,14.68
30022,800514,2026-04-22 00:00:00,3,12.67
30031,800731,2026-03-24 00:00:00,5,15.01
30030,800714,2026-05-25 00:00:00,1,14.82
30017,800392,2026-05-03 00:00:00,3,12.51
30008,800163,2026-01-07 00:00:00,1,9.49
30035,800821,2026-04-19 00:00:00,4,9.63
30011,800240,2026-06-06 00:00:00,5,13.15
30003,800042,2025-10-30 00:00:00,2,5.15
30048,800987,2026-01-06 00:00:00,3,7.69
30040,800902,2026-06-07 00:00:00,1,14.45
30029,800699,2026-07-18 00:00:00,8,14.9
30063,801152,2026-06-06 00:00:00,3,8.71
30015,800336,2026-06-27 00:00:00,2,9.62
30023,800556,2026-03-28 00:00:00,4,6.92
30077,801270,2025-11-02 00:00:00,3,2.79
30015,800344,2026-07-16 00:00:00,6,17.52
30026,800610,2025-12-07 00:00:00,3,4.73
30080,801282,2025-11-07 00:00:00,3,4.44
30016,800364,2026-06-07 00:00:00,7,3.52
30034,800800,2026-04-13 00:00:00,7,4.29
30104,801405,2026-04-14 00:00:00,3,5.83
30070,801231,2026-01-14 00:00:00,5,6.11
30019,800447,2026-03-29 00:00:00,7,7.52
30062,801135,2026-05-21 00:00:00,5,6.21
30058,801096,2026-01-27 00:00:00,3,9.72
30035,800831,2026-05-17 00:00:00,7,7.21
30026,800612,2025-12-21 00:00:00,3,17.37
30033,800779,2026-05-16 00:00:00,5,8.13
30035,800841,2026-06-23 00:00:00,3,12.88
30004,800078,2026-06-29 00:00:00,7,17.58
30083,801297,2026-05-13 00:00:00,1,10.61
30031,800732,2026-05-08 00:00:00,7,11.45
30030,800715,2026-06-01 00:00:00,7,13.65
30027,800639,2026-02-13 00:00:00,5,5.28
30008,800179,2026-05-22 00:00:00,2,16.88
30042,800930,2026-06-01 00:00:00,1,4.35
30070,801238,2026-06-16 00:00:00,6,14.76
30019,800444,2026-02-11 00:00:00,3,12.88
30006,800125,2026-02-13 00:00:00,4,17.83
30080,801286,2026-03-26 00:00:00,2,6.72
30055,801066,2026-03-11 00:00:00,3,12.63
30014,800316,2026-02-21 00:00:00,7,4.25
30047,800982,2026-07-26 00:00:00,5,10.72
30031,800722,2025-10-05 00:00:00,3,16.94
30018,800403,2026-01-10 00:00:00,5,4.14
30100,801387,2026-05-16 00:00:00,4,9.56
30020,800461,2025-10-17 00:00:00,6,12.97
30012,800273,2026-07-10 00:00:00,8,7.95
30047,800978,2026-04-20 00:00:00,4,5.43
30005,800106,2026-06-24 00:00:00,4,11.42
30127,801442,2026-03-11 00:00:00,2,6.57
30073,801250,2026-05-20 00:00:00,3,7.77
30024,800580,2026-04-02 00:00:00,4,11.51
30065,801176,2026-01-20 00:00:00,1,10.15
30011,800234,2026-04-21 00:00:00,7,4.73
30012,800255,2026-03-26 00:00:00,2,13.48
30044,800952,2026-06-09 00:00:00,6,7.58
30130,801445,2025-11-01 00:00:00,1,9.01
30035,800825,2026-04-25 00:00:00,7,7.01
30016,800358,2026-04-17 00:00:00,4,6.45
30064,801168,2026-06-02 00:00:00,1,8.99
30020,800471,2026-01-04 00:00:00,7,3.83
30006,800124,2026-02-05 00:00:00,1,12.65
30072,801244,2026-02-13 00:00:00,4,6.92
30137,801456,2025-12-26 00:00:00,1,2.74
30014,800321,2026-04-16 00:00:00,4,8.16
30051,801024,2026-03-08 00:00:00,2,4.5
30033,800772,2026-04-18 00:00:00,3,10.6
30036,800859,2026-07-14 00:00:00,3,12.63
30039,800887,2025-11-25 00:00:00,5,11.14
30038,800871,2025-12-22 00:00:00,3,4.62
30030,800712,2026-04-13 00:00:00,3,17.27
30018,800423,2026-05-16 00:00:00,3,7.31
30056,801081,2026-05-26 00:00:00,6,8.76
30035,800838,2026-06-10 00:00:00,6,5.05
30053,801051,2026-04-26 00:00:00,3,11.48
30008,800156,2025-10-25 00:00:00,2,6.58
30040,800903,2026-07-19 00:00:00,5,3.1
30067,801205,2026-07-13 00:00:00,1,10.76
30026,800623,2026-03-20 00:00:00,8,14.26
30018,800429,2026-07-12 00:00:00,3,16.45
30026,800632,2026-06-14 00:00:00,8,14.57
30048,800987,2026-01-06 00:00:00,2,3.33
30040,800898,2026-03-12 00:00:00,6,13.92
30030,800716,2026-06-01 00:00:00,1,16.25
30007,800140,2026-02-02 00:00:00,4,17.75
30019,800439,2026-01-03 00:00:00,5,16.14
30018,800416,2026-03-19 00:00:00,5,15.42
30068,801214,2026-04-19 00:00:00,5,7.05
30076,801265,2026-04-16 00:00:00,1,4.99
30058,801103,2026-06-06 00:00:00,4,10.81
30032,800738,2026-03-02 00:00:00,2,15.81
30032,800762,2026-07-13 00:00:00,4,11.72
30023,800553,2026-03-15 00:00:00,8,7.74
30044,800945,2026-02-14 00:00:00,1,8.47
30025,800604,2026-06-28 00:00:00,4,11.34
30025,800609,2026-07-22 00:00:00,8,8.79
30135,801453,2025-11-12 00:00:00,1,2.76
30024,800571,2026-02-05 00:00:00,6,17.26
30028,800656,2025-11-06 00:00:00,6,7.57
30006,800126,2026-03-06 00:00:00,6,16.68
30065,801174,2025-11-24 00:00:00,4,12.28
30001,800008,2026-05-23 00:00:00,2,17.77
30063,801152,2026-06-06 00:00:00,3,7.51
30053,801049,2026-03-21 00:00:00,6,6.01
30035,800847,2026-07-27 00:00:00,1,5.51
30074,801256,2026-04-02 00:00:00,1,3.1
30031,800728,2026-02-09 00:00:00,6,6.24
30056,801086,2026-07-24 00:00:00,6,3.66
30038,800881,2026-06-03 00:00:00,2,13.7
30029,800694,2026-07-06 00:00:00,5,13.47
30068,801208,2025-12-11 00:00:00,2,5.2
30005,800092,2026-05-19 00:00:00,7,3.66
30131,801447,2025-12-22 00:00:00,2,8.65
30077,801273,2026-04-30 00:00:00,2,8.57
30010,800222,2026-06-21 00:00:00,8,3.4
30066,801193,2026-07-10 00:00:00,3,8.02
30005,800110,2026-07-01 00:00:00,6,4.89
30012,800266,2026-05-20 00:00:00,6,11.11
30083,801301,2026-06-09 00:00:00,2,8.39
30011,800245,2026-07-09 00:00:00,3,3.39
30018,800426,2026-06-22 00:00:00,8,17.01
30005,800107,2026-06-24 00:00:00,7,3.53
30075,801263,2026-05-28 00:00:00,2,7.49
30014,800327,2026-07-01 00:00:00,3,10.63
30020,800470,2025-12-28 00:00:00,6,10.41
30095,801363,2026-05-07 00:00:00,3,6.98
30011,800241,2026-06-08 00:00:00,6,7.52
30005,800105,2026-06-22 00:00:00,6,6.82
30008,800167,2026-02-23 00:00:00,8,12.64
30023,800539,2025-11-29 00:00:00,6,15.19
30044,800944,2026-01-10 00:00:00,3,8.49
30066,801194,2026-07-13 00:00:00,2,6.9
30061,801133,2026-03-04 00:00:00,2,11.56
30008,800181,2026-06-29 00:00:00,4,13.0
30074,801252,2025-08-17 00:00:00,1,11.69
30087,801323,2026-05-28 00:00:00,3,9.48
30034,800797,2026-03-22 00:00:00,3,8.39
30102,801393,2026-04-22 00:00:00,3,7.47
30016,800364,2026-06-07 00:00:00,1,11.57
30002,800024,2026-06-03 00:00:00,5,8.04
30058,801101,2026-05-17 00:00:00,5,13.54
30019,800445,2026-02-15 00:00:00,8,12.73
30086,801314,2026-04-07 00:00:00,3,3.18
30061,801127,2025-10-06 00:00:00,3,14.69
30065,801180,2026-05-01 00:00:00,5,9.68
30020,800474,2026-02-11 00:00:00,1,17.26
30008,800163,2026-01-07 00:00:00,3,7.47
30009,800196,2026-07-04 00:00:00,1,10.22
30006,800123,2026-01-21 00:00:00,3,15.62
30099,801380,2026-03-18 00:00:00,2,8.91
30060,801124,2026-05-22 00:00:00,1,5.24
30004,800063,2026-05-25 00:00:00,3,14.42
30029,800675,2026-04-13 00:00:00,6,3.23
30034,800796,2026-03-22 00:00:00,6,13.86
30033,800767,2026-03-21 00:00:00,5,3.64
30073,801249,2026-01-22 00:00:00,3,9.2
30001,800014,2026-06-20 00:00:00,3,11.5
30033,800783,2026-06-02 00:00:00,6,12.16
30072,801246,2026-04-02 00:00:00,2,3.06
30029,800690,2026-06-02 00:00:00,8,3.55
30062,801141,2026-07-20 00:00:00,2,10.07
30002,800025,2026-06-05 00:00:00,4,14.87
30012,800274,2026-07-17 00:00:00,8,4.98
30070,801236,2026-03-19 00:00:00,6,3.11
30002,800028,2026-06-08 00:00:00,8,6.8
30038,800877,2026-03-10 00:00:00,1,13.6
30005,800114,2026-07-16 00:00:00,1,12.28
30022,800508,2026-04-07 00:00:00,3,3.11
30067,801205,2026-07-13 00:00:00,2,9.59
30080,801283,2025-12-05 00:00:00,4,4.01
30023,800562,2026-05-21 00:00:00,4,7.26
30093,801353,2025-12-15 00:00:00,1,9.79
30031,800731,2026-03-24 00:00:00,8,5.0
30051,801028,2026-04-12 00:00:00,4,5.95
30130,801445,2025-11-01 00:00:00,3,2.79
30090,801340,2026-04-17 00:00:00,4,5.46
30022,800517,2026-05-13 00:00:00,3,5.22
30010,800212,2026-04-12 00:00:00,4,13.67
30017,800379,2026-02-15 00:00:00,3,17.23
30005,800117,2026-07-24 00:00:00,6,3.53
30013,800291,2026-05-26 00:00:00,3,17.28
30011,800245,2026-07-09 00:00:00,5,12.5
30022,800535,2026-07-27 00:00:00,5,13.31
30020,800464,2025-11-04 00:00:00,1,16.98
30024,800572,2026-02-05 00:00:00,6,11.21
30043,800937,2026-05-15 00:00:00,3,14.93
30097,801369,2025-10-13 00:00:00,2,5.86
30029,800695,2026-07-08 00:00:00,2,8.68
30027,800650,2026-06-01 00:00:00,7,10.62
30066,801188,2026-05-29 00:00:00,2,9.75
30023,800542,2025-12-20 00:00:00,6,17.0
30026,800618,2026-02-07 00:00:00,5,16.44
30091,801341,2026-02-13 00:00:00,4,11.77
30103,801397,2026-02-25 00:00:00,3,2.2
30140,801461,2025-11-15 00:00:00,2,8.73
30009,800195,2026-07-03 00:00:00,1,12.51
30065,801180,2026-05-01 00:00:00,6,5.94
30065,801185,2026-07-01 00:00:00,6,12.07
30069,801223,2026-04-20 00:00:00,2,9.03
30060,801119,2026-04-21 00:00:00,2,10.68
30064,801157,2026-03-12 00:00:00,6,8.89
30038,800876,2026-03-08 00:00:00,5,12.93
30017,800376,2026-01-18 00:00:00,3,3.76
30029,800688,2026-05-29 00:00:00,5,16.0
30035,800837,2026-06-09 00:00:00,3,5.0
30009,800193,2026-06-28 00:00:00,4,7.54
30070,801240,2026-07-19 00:00:00,1,12.61
30015,800346,2026-07-22 00:00:00,3,17.64
30003,800055,2026-05-27 00:00:00,3,13.39
30070,801235,2026-03-09 00:00:00,6,7.37
30137,801455,2025-12-01 00:00:00,1,2.06
30023,800548,2026-02-07 00:00:00,7,6.46
30108,801413,2025-12-26 00:00:00,3,8.32
30029,800680,2026-05-09 00:00:00,3,7.3
30053,801042,2025-10-13 00:00:00,1,13.11
30023,800541,2025-12-19 00:00:00,5,8.92
30018,800405,2026-02-02 00:00:00,4,12.68
30007,800138,2026-01-19 00:00:00,2,12.09
30034,800817,2026-07-01 00:00:00,7,16.35
30028,800658,2025-11-10 00:00:00,2,4.29
30140,801460,2025-06-20 00:00:00,2,4.47
30056,801075,2026-04-04 00:00:00,3,13.18
30038,800885,2026-06-26 00:00:00,2,14.39
30023,800551,2026-03-05 00:00:00,2,10.43
30059,801113,2026-05-02 00:00:00,6,4.88
30003,800044,2026-01-18 00:00:00,4,12.97
30012,800261,2026-05-02 00:00:00,3,11.54
30017,800385,2026-04-06 00:00:00,1,13.76
30023,800559,2026-05-09 00:00:00,3,14.49
30019,800439,2026-01-03 00:00:00,8,6.3
30028,800660,2026-01-27 00:00:00,7,12.24
30010,800219,2026-06-13 00:00:00,7,17.43
30004,800065,2026-05-27 00:00:00,3,13.22
30002,800020,2026-05-18 00:00:00,3,10.86
30006,800128,2026-04-08 00:00:00,4,7.74
30068,801210,2026-01-12 00:00:00,1,7.6
30014,800315,2026-02-21 00:00:00,3,6.07
30018,800422,2026-05-15 00:00:00,5,14.64
30093,801354,2026-04-19 00:00:00,2,8.29
30012,800274,2026-07-17 00:00:00,1,15.07
30040,800898,2026-03-12 00:00:00,5,5.69
30048,800998,2026-06-26 00:00:00,4,11.86
30018,800431,2026-07-25 00:00:00,6,10.22
30075,801261,2026-01-20 00:00:00,4,10.43
30049,801000,2026-04-16 00:00:00,2,4.55
30079,801281,2026-05-01 00:00:00,4,10.33
30066,801187,2026-05-25 00:00:00,6,6.42
30009,800187,2026-06-18 00:00:00,1,13.52
30026,800625,2026-04-11 00:00:00,8,5.09
30026,800638,2026-07-26 00:00:00,6,7.63
30027,800645,2026-03-31 00:00:00,7,4.59
30010,800221,2026-06-16 00:00:00,1,16.81
30023,800542,2025-12-20 00:00:00,3,13.77
30024,800573,2026-02-12 00:00:00,5,13.82
30102,801393,2026-04-22 00:00:00,4,11.76
30016,800350,2026-03-06 00:00:00,7,7.54
30061,801133,2026-03-04 00:00:00,4,11.87
30018,800403,2026-01-10 00:00:00,2,13.59
30086,801316,2026-05-05 00:00:00,2,2.04
30005,800103,2026-06-20 00:00:00,8,17.83
30087,801320,2026-03-20 00:00:00,3,5.45
30017,800402,2026-07-24 00:00:00,1,11.44
30024,800579,2026-03-29 00:00:00,2,13.22
30017,800389,2026-04-28 00:00:00,1,6.67
30091,801341,2026-02-13 00:00:00,2,2.93
30070,801240,2026-07-19 00:00:00,2,8.32
30005,800097,2026-06-03 00:00:00,5,5.41
30048,800984,2025-12-25 00:00:00,1,13.52
30023,800555,2026-03-25 00:00:00,4,3.8
30035,800846,2026-07-26 00:00:00,1,15.97
30056,801076,2026-04-10 00:00:00,5,7.23
30048,800996,2026-06-11 00:00:00,1,12.54
30079,801280,2026-02-21 00:00:00,3,9.48
30001,800016,2026-06-26 00:00:00,6,12.96
30029,800676,2026-04-15 00:00:00,6,3.38
30067,801205,2026-07-13 00:00:00,6,9.93
30087,801318,2026-02-19 00:00:00,2,2.77
30022,800513,2026-04-18 00:00:00,1,9.72
30021,800499,2026-06-18 00:00:00,5,6.88
30089,801332,2026-04-27 00:00:00,4,11.54
30019,800454,2026-06-29 00:00:00,3,15.54
30018,800409,2026-02-23 00:00:00,2,14.32
30076,801264,2025-11-03 00:00:00,1,3.84
30029,800679,2026-05-08 00:00:00,5,5.09
30010,800217,2026-06-01 00:00:00,3,7.25
30036,800855,2026-05-08 00:00:00,1,6.52
30009,800200,2026-07-16 00:00:00,6,13.08
30013,800301,2026-07-24 00:00:00,7,15.95
30055,801072,2026-06-16 00:00:00,1,6.82
30005,800115,2026-07-18 00:00:00,1,15.59
30020,800459,2025-10-06 00:00:00,4,16.48
30093,801354,2026-04-19 00:00:00,1,11.64
30050,801020,2026-06-22 00:00:00,6,12.45
30031,800737,2026-07-18 00:00:00,6,14.05
30011,800243,2026-06-21 00:00:00,8,17.6
30035,800824,2026-04-22 00:00:00,1,5.2
30005,800107,2026-06-24 00:00:00,6,5.5
30010,800208,2026-03-12 00:00:00,1,11.75
30094,801359,2026-06-11 00:00:00,3,7.43
30031,800728,2026-02-09 00:00:00,7,3.56
30029,800677,2026-04-29 00:00:00,6,13.89
30004,800065,2026-05-27 00:00:00,2,13.79
30027,800640,2026-02-20 00:00:00,6,6.72
30032,800754,2026-06-05 00:00:00,8,14.71
30024,800584,2026-05-10 00:00:00,3,7.83
30066,801190,2026-06-24 00:00:00,3,4.64
30018,800421,2026-05-08 00:00:00,8,4.09
30013,800294,2026-06-18 00:00:00,7,3.68
30019,800457,2026-07-28 00:00:00,4,12.86
30009,800186,2026-06-17 00:00:00,5,12.31
30015,800349,2026-07-25 00:00:00,7,13.25
30130,801446,2026-02-12 00:00:00,2,9.73
30038,800870,2025-11-21 00:00:00,4,14.27
30008,800178,2026-05-07 00:00:00,8,13.52
30078,801274,2025-11-25 00:00:00,3,6.41
30038,800877,2026-03-10 00:00:00,2,11.38
30101,801388,2026-04-18 00:00:00,1,10.33
30061,801130,2025-12-09 00:00:00,1,6.84
30029,800692,2026-06-18 00:00:00,6,14.16
30083,801298,2026-05-27 00:00:00,1,6.15
30052,801032,2025-12-14 00:00:00,1,10.37
30013,800284,2026-04-26 00:00:00,3,5.8
30017,800381,2026-03-04 00:00:00,3,4.7
30041,800914,2026-04-30 00:00:00,5,11.78
30082,801294,2026-04-25 00:00:00,3,11.87
30002,800034,2026-06-30 00:00:00,3,8.79
30078,801278,2026-04-04 00:00:00,4,9.51
30047,800982,2026-07-26 00:00:00,1,6.44
30005,800095,2026-05-28 00:00:00,7,8.12
30010,800211,2026-04-08 00:00:00,2,15.85
30070,801235,2026-03-09 00:00:00,4,5.52
30011,800225,2026-01-31 00:00:00,1,5.88
30011,800239,2026-05-31 00:00:00,8,12.39
30055,801067,2026-03-14 00:00:00,2,10.29
30054,801056,2026-05-13 00:00:00,6,6.77
30034,800818,2026-07-19 00:00:00,3,7.41
30008,800174,2026-04-14 00:00:00,8,13.41
30013,800281,2026-04-22 00:00:00,3,11.76
30028,800667,2026-06-20 00:00:00,2,8.35
30012,800271,2026-07-03 00:00:00,4,14.15
30034,800795,2026-03-12 00:00:00,6,11.57
30016,800357,2026-04-15 00:00:00,5,4.06
30018,800424,2026-06-01 00:00:00,5,15.47
30052,801040,2026-05-20 00:00:00,3,14.47
30038,800872,2025-12-22 00:00:00,1,13.69
30020,800469,2025-12-25 00:00:00,5,15.45
30063,801147,2026-04-03 00:00:00,4,11.88
30014,800305,2025-12-24 00:00:00,3,9.25
30010,800222,2026-06-21 00:00:00,3,12.66
30046,800974,2026-06-25 00:00:00,1,11.61
30041,800916,2026-05-25 00:00:00,1,6.74
30129,801444,2026-01-11 00:00:00,3,9.94
30006,800132,2026-05-30 00:00:00,5,8.96
30059,801110,2026-03-09 00:00:00,3,9.15
30104,801401,2025-12-26 00:00:00,1,10.41
30014,800325,2026-05-07 00:00:00,4,11.49
30113,801419,2026-01-06 00:00:00,2,8.43
30024,800572,2026-02-05 00:00:00,5,7.65
30002,800028,2026-06-08 00:00:00,2,15.81
30014,800312,2026-01-19 00:00:00,4,14.42
30085,801308,2025-11-25 00:00:00,3,10.43
30027,800645,2026-03-31 00:00:00,5,6.98
30015,800348,2026-07-24 00:00:00,2,15.92
30069,801221,2026-04-04 00:00:00,4,8.3
30002,800035,2026-07-01 00:00:00,3,7.89
30087,801322,2026-04-18 00:00:00,4,4.03
30012,800253,2026-03-20 00:00:00,2,12.47
30024,800573,2026-02-12 00:00:00,3,9.68
30092,801346,2026-01-04 00:00:00,3,5.42
30021,800489,2026-03-20 00:00:00,2,16.04
30029,800685,2026-05-19 00:00:00,2,14.79
30117,801426,2025-12-30 00:00:00,2,3.04
30114,801420,2025-07-12 00:00:00,3,9.77
30008,800174,2026-04-14 00:00:00,1,13.07
30018,800422,2026-05-15 00:00:00,4,9.87
30025,800599,2026-03-28 00:00:00,2,4.98
30124,801436,2025-12-18 00:00:00,1,2.76
30010,800220,2026-06-15 00:00:00,3,15.44
30089,801334,2026-05-24 00:00:00,3,8.74
30096,801364,2026-02-15 00:00:00,4,5.56
30006,800130,2026-05-04 00:00:00,4,9.7
30032,800744,2026-03-30 00:00:00,7,8.37
30010,800209,2026-03-13 00:00:00,8,15.97
30094,801355,2026-05-05 00:00:00,1,10.7
30089,801330,2026-02-22 00:00:00,3,8.98
30078,801275,2025-12-03 00:00:00,3,9.11
30003,800056,2026-07-03 00:00:00,8,10.19
30067,801200,2026-06-19 00:00:00,2,3.94
30130,801445,2025-11-01 00:00:00,1,2.21
30057,801090,2026-05-22 00:00:00,4,3.61
30049,801006,2026-06-24 00:00:00,6,11.99
30138,801457,2025-11-20 00:00:00,2,4.12
30037,800868,2026-06-27 00:00:00,3,9.8
30018,800418,2026-04-11 00:00:00,2,7.71
30054,801057,2026-05-20 00:00:00,5,11.18
30035,800828,2026-05-08 00:00:00,8,3.09
30029,800686,2026-05-22 00:00:00,8,8.05
30004,800059,2026-05-20 00:00:00,3,4.34
30077,801267,2025-09-14 00:00:00,3,10.57
30087,801320,2026-03-20 00:00:00,1,2.23
30099,801379,2026-02-22 00:00:00,1,3.64
30009,800198,2026-07-14 00:00:00,3,3.97
30021,800498,2026-06-17 00:00:00,6,3.97
30028,800666,2026-06-02 00:00:00,5,15.1
30057,801089,2026-05-18 00:00:00,2,14.43
30028,800659,2025-12-10 00:00:00,6,16.11
30077,801271,2025-11-27 00:00:00,2,3.52
30001,800011,2026-06-10 00:00:00,1,4.45
30068,801209,2026-01-03 00:00:00,1,14.02
30047,800981,2026-07-22 00:00:00,3,9.89
30004,800062,2026-05-24 00:00:00,7,17.86
30013,800279,2026-04-07 00:00:00,5,15.91
30039,800894,2026-06-14 00:00:00,4,4.6
30058,801105,2026-06-24 00:00:00,6,11.35
30058,801103,2026-06-06 00:00:00,5,11.26
30016,800365,2026-06-11 00:00:00,3,16.98
30053,801048,2026-03-07 00:00:00,4,11.46
30048,800991,2026-03-25 00:00:00,5,14.97
30057,801094,2026-06-25 00:00:00,1,3.91
30025,800598,2026-03-27 00:00:00,6,7.64
30041,800908,2026-01-17 00:00:00,3,14.97
30011,800237,2026-05-16 00:00:00,4,3.15
30002,800033,2026-06-30 00:00:00,4,10.04
30096,801366,2026-04-05 00:00:00,2,4.94
30019,800455,2026-07-05 00:00:00,4,6.76
